Ano,Mes,Dia,DiadaSemana,Data,SemanaAno,SemanaMes,Semestre,Trimestre,id_data
2007,Janeiro,7,Domingo,07/01/2007,2,2,S1,1Âº TRI,0
2007,Janeiro,8,Segunda-Feira,08/01/2007,2,2,S1,1Âº TRI,1
2007,Janeiro,9,TerÃ§a-Feira,09/01/2007,2,2,S1,1Âº TRI,2
2007,Janeiro,10,Quarta-Feira,10/01/2007,2,2,S1,1Âº TRI,3
2007,Janeiro,11,Quinta-Feira,11/01/2007,2,2,S1,1Âº TRI,4
2007,Janeiro,12,Sexta-Feira,12/01/2007,2,2,S1,1Âº TRI,5
2007,Janeiro,13,SÃ¡bado,13/01/2007,2,2,S1,1Âº TRI,6
2007,Fevereiro,4,Domingo,04/02/2007,6,2,S1,1Âº TRI,7
2007,Fevereiro,5,Segunda-Feira,05/02/2007,6,2,S1,1Âº TRI,8
2007,Fevereiro,6,TerÃ§a-Feira,06/02/2007,6,2,S1,1Âº TRI,9
2007,Fevereiro,7,Quarta-Feira,07/02/2007,6,2,S1,1Âº TRI,10
2007,Fevereiro,8,Quinta-Feira,08/02/2007,6,2,S1,1Âº TRI,11
2007,Fevereiro,9,Sexta-Feira,09/02/2007,6,2,S1,1Âº TRI,12
2007,Fevereiro,10,SÃ¡bado,10/02/2007,6,2,S1,1Âº TRI,13
2007,MarÃ§o,4,Domingo,04/03/2007,10,2,S1,1Âº TRI,14
2007,MarÃ§o,5,Segunda-Feira,05/03/2007,10,2,S1,1Âº TRI,15
2007,MarÃ§o,6,TerÃ§a-Feira,06/03/2007,10,2,S1,1Âº TRI,16
2007,MarÃ§o,7,Quarta-Feira,07/03/2007,10,2,S1,1Âº TRI,17
2007,MarÃ§o,8,Quinta-Feira,08/03/2007,10,2,S1,1Âº TRI,18
2007,MarÃ§o,9,Sexta-Feira,09/03/2007,10,2,S1,1Âº TRI,19
2007,MarÃ§o,10,SÃ¡bado,10/03/2007,10,2,S1,1Âº TRI,20
2007,Abril,8,Domingo,08/04/2007,15,2,S1,2Âº TRI,21
2007,Abril,9,Segunda-Feira,09/04/2007,15,2,S1,2Âº TRI,22
2007,Abril,10,TerÃ§a-Feira,10/04/2007,15,2,S1,2Âº TRI,23
2007,Abril,11,Quarta-Feira,11/04/2007,15,2,S1,2Âº TRI,24
2007,Abril,12,Quinta-Feira,12/04/2007,15,2,S1,2Âº TRI,25
2007,Abril,13,Sexta-Feira,13/04/2007,15,2,S1,2Âº TRI,26
2007,Abril,14,SÃ¡bado,14/04/2007,15,2,S1,2Âº TRI,27
2007,Maio,6,Domingo,06/05/2007,19,2,S1,2Âº TRI,28
2007,Maio,7,Segunda-Feira,07/05/2007,19,2,S1,2Âº TRI,29
2007,Maio,8,TerÃ§a-Feira,08/05/2007,19,2,S1,2Âº TRI,30
2007,Maio,9,Quarta-Feira,09/05/2007,19,2,S1,2Âº TRI,31
2007,Maio,10,Quinta-Feira,10/05/2007,19,2,S1,2Âº TRI,32
2007,Maio,11,Sexta-Feira,11/05/2007,19,2,S1,2Âº TRI,33
2007,Maio,12,SÃ¡bado,12/05/2007,19,2,S1,2Âº TRI,34
2007,Junho,3,Domingo,03/06/2007,23,2,S1,2Âº TRI,35
2007,Junho,4,Segunda-Feira,04/06/2007,23,2,S1,2Âº TRI,36
2007,Junho,5,TerÃ§a-Feira,05/06/2007,23,2,S1,2Âº TRI,37
2007,Junho,6,Quarta-Feira,06/06/2007,23,2,S1,2Âº TRI,38
2007,Junho,7,Quinta-Feira,07/06/2007,23,2,S1,2Âº TRI,39
2007,Junho,8,Sexta-Feira,08/06/2007,23,2,S1,2Âº TRI,40
2007,Junho,9,SÃ¡bado,09/06/2007,23,2,S1,2Âº TRI,41
2007,Julho,8,Domingo,08/07/2007,28,2,S2,3Âº TRI,42
2007,Julho,9,Segunda-Feira,09/07/2007,28,2,S2,3Âº TRI,43
2007,Julho,10,TerÃ§a-Feira,10/07/2007,28,2,S2,3Âº TRI,44
2007,Julho,11,Quarta-Feira,11/07/2007,28,2,S2,3Âº TRI,45
2007,Julho,12,Quinta-Feira,12/07/2007,28,2,S2,3Âº TRI,46
2007,Julho,13,Sexta-Feira,13/07/2007,28,2,S2,3Âº TRI,47
2007,Julho,14,SÃ¡bado,14/07/2007,28,2,S2,3Âº TRI,48
2007,Agosto,5,Domingo,05/08/2007,32,2,S2,3Âº TRI,49
2007,Agosto,6,Segunda-Feira,06/08/2007,32,2,S2,3Âº TRI,50
2007,Agosto,7,TerÃ§a-Feira,07/08/2007,32,2,S2,3Âº TRI,51
2007,Agosto,8,Quarta-Feira,08/08/2007,32,2,S2,3Âº TRI,52
2007,Agosto,9,Quinta-Feira,09/08/2007,32,2,S2,3Âº TRI,53
2007,Agosto,10,Sexta-Feira,10/08/2007,32,2,S2,3Âº TRI,54
2007,Agosto,11,SÃ¡bado,11/08/2007,32,2,S2,3Âº TRI,55
2007,Setembro,2,Domingo,02/09/2007,36,2,S2,3Âº TRI,56
2007,Setembro,3,Segunda-Feira,03/09/2007,36,2,S2,3Âº TRI,57
2007,Setembro,4,TerÃ§a-Feira,04/09/2007,36,2,S2,3Âº TRI,58
2007,Setembro,5,Quarta-Feira,05/09/2007,36,2,S2,3Âº TRI,59
2007,Setembro,6,Quinta-Feira,06/09/2007,36,2,S2,3Âº TRI,60
2007,Setembro,7,Sexta-Feira,07/09/2007,36,2,S2,3Âº TRI,61
2007,Setembro,8,SÃ¡bado,08/09/2007,36,2,S2,3Âº TRI,62
2007,Outubro,7,Domingo,07/10/2007,41,2,S2,4Âº TRI,63
2007,Outubro,8,Segunda-Feira,08/10/2007,41,2,S2,4Âº TRI,64
2007,Outubro,9,TerÃ§a-Feira,09/10/2007,41,2,S2,4Âº TRI,65
2007,Outubro,10,Quarta-Feira,10/10/2007,41,2,S2,4Âº TRI,66
2007,Outubro,11,Quinta-Feira,11/10/2007,41,2,S2,4Âº TRI,67
2007,Outubro,12,Sexta-Feira,12/10/2007,41,2,S2,4Âº TRI,68
2007,Outubro,13,SÃ¡bado,13/10/2007,41,2,S2,4Âº TRI,69
2007,Novembro,4,Domingo,04/11/2007,45,2,S2,4Âº TRI,70
2007,Novembro,5,Segunda-Feira,05/11/2007,45,2,S2,4Âº TRI,71
2007,Novembro,6,TerÃ§a-Feira,06/11/2007,45,2,S2,4Âº TRI,72
2007,Novembro,7,Quarta-Feira,07/11/2007,45,2,S2,4Âº TRI,73
2007,Novembro,8,Quinta-Feira,08/11/2007,45,2,S2,4Âº TRI,74
2007,Novembro,9,Sexta-Feira,09/11/2007,45,2,S2,4Âº TRI,75
2007,Novembro,10,SÃ¡bado,10/11/2007,45,2,S2,4Âº TRI,76
2007,Dezembro,2,Domingo,02/12/2007,49,2,S2,4Âº TRI,77
2007,Dezembro,3,Segunda-Feira,03/12/2007,49,2,S2,4Âº TRI,78
2007,Dezembro,4,TerÃ§a-Feira,04/12/2007,49,2,S2,4Âº TRI,79
2007,Dezembro,5,Quarta-Feira,05/12/2007,49,2,S2,4Âº TRI,80
2007,Dezembro,6,Quinta-Feira,06/12/2007,49,2,S2,4Âº TRI,81
2007,Dezembro,7,Sexta-Feira,07/12/2007,49,2,S2,4Âº TRI,82
2007,Dezembro,8,SÃ¡bado,08/12/2007,49,2,S2,4Âº TRI,83
2008,Janeiro,6,Domingo,06/01/2008,2,2,S1,1Âº TRI,84
2008,Janeiro,7,Segunda-Feira,07/01/2008,2,2,S1,1Âº TRI,85
2008,Janeiro,8,TerÃ§a-Feira,08/01/2008,2,2,S1,1Âº TRI,86
2008,Janeiro,9,Quarta-Feira,09/01/2008,2,2,S1,1Âº TRI,87
2008,Janeiro,10,Quinta-Feira,10/01/2008,2,2,S1,1Âº TRI,88
2008,Janeiro,11,Sexta-Feira,11/01/2008,2,2,S1,1Âº TRI,89
2008,Janeiro,12,SÃ¡bado,12/01/2008,2,2,S1,1Âº TRI,90
2008,Fevereiro,3,Domingo,03/02/2008,6,2,S1,1Âº TRI,91
2008,Fevereiro,4,Segunda-Feira,04/02/2008,6,2,S1,1Âº TRI,92
2008,Fevereiro,5,TerÃ§a-Feira,05/02/2008,6,2,S1,1Âº TRI,93
2008,Fevereiro,6,Quarta-Feira,06/02/2008,6,2,S1,1Âº TRI,94
2008,Fevereiro,7,Quinta-Feira,07/02/2008,6,2,S1,1Âº TRI,95
2008,Fevereiro,8,Sexta-Feira,08/02/2008,6,2,S1,1Âº TRI,96
2008,Fevereiro,9,SÃ¡bado,09/02/2008,6,2,S1,1Âº TRI,97
2008,MarÃ§o,2,Domingo,02/03/2008,10,2,S1,1Âº TRI,98
2008,MarÃ§o,3,Segunda-Feira,03/03/2008,10,2,S1,1Âº TRI,99
2008,MarÃ§o,4,TerÃ§a-Feira,04/03/2008,10,2,S1,1Âº TRI,100
2008,MarÃ§o,5,Quarta-Feira,05/03/2008,10,2,S1,1Âº TRI,101
2008,MarÃ§o,6,Quinta-Feira,06/03/2008,10,2,S1,1Âº TRI,102
2008,MarÃ§o,7,Sexta-Feira,07/03/2008,10,2,S1,1Âº TRI,103
2008,MarÃ§o,8,SÃ¡bado,08/03/2008,10,2,S1,1Âº TRI,104
2008,Abril,6,Domingo,06/04/2008,15,2,S1,2Âº TRI,105
2008,Abril,7,Segunda-Feira,07/04/2008,15,2,S1,2Âº TRI,106
2008,Abril,8,TerÃ§a-Feira,08/04/2008,15,2,S1,2Âº TRI,107
2008,Abril,9,Quarta-Feira,09/04/2008,15,2,S1,2Âº TRI,108
2008,Abril,10,Quinta-Feira,10/04/2008,15,2,S1,2Âº TRI,109
2008,Abril,11,Sexta-Feira,11/04/2008,15,2,S1,2Âº TRI,110
2008,Abril,12,SÃ¡bado,12/04/2008,15,2,S1,2Âº TRI,111
2008,Maio,4,Domingo,04/05/2008,19,2,S1,2Âº TRI,112
2008,Maio,5,Segunda-Feira,05/05/2008,19,2,S1,2Âº TRI,113
2008,Maio,6,TerÃ§a-Feira,06/05/2008,19,2,S1,2Âº TRI,114
2008,Maio,7,Quarta-Feira,07/05/2008,19,2,S1,2Âº TRI,115
2008,Maio,8,Quinta-Feira,08/05/2008,19,2,S1,2Âº TRI,116
2008,Maio,9,Sexta-Feira,09/05/2008,19,2,S1,2Âº TRI,117
2008,Maio,10,SÃ¡bado,10/05/2008,19,2,S1,2Âº TRI,118
2008,Junho,8,Domingo,08/06/2008,24,2,S1,2Âº TRI,119
2008,Junho,9,Segunda-Feira,09/06/2008,24,2,S1,2Âº TRI,120
2008,Junho,10,TerÃ§a-Feira,10/06/2008,24,2,S1,2Âº TRI,121
2008,Junho,11,Quarta-Feira,11/06/2008,24,2,S1,2Âº TRI,122
2008,Junho,12,Quinta-Feira,12/06/2008,24,2,S1,2Âº TRI,123
2008,Junho,13,Sexta-Feira,13/06/2008,24,2,S1,2Âº TRI,124
2008,Junho,14,SÃ¡bado,14/06/2008,24,2,S1,2Âº TRI,125
2008,Julho,6,Domingo,06/07/2008,28,2,S2,3Âº TRI,126
2008,Julho,7,Segunda-Feira,07/07/2008,28,2,S2,3Âº TRI,127
2008,Julho,8,TerÃ§a-Feira,08/07/2008,28,2,S2,3Âº TRI,128
2008,Julho,9,Quarta-Feira,09/07/2008,28,2,S2,3Âº TRI,129
2008,Julho,10,Quinta-Feira,10/07/2008,28,2,S2,3Âº TRI,130
2008,Julho,11,Sexta-Feira,11/07/2008,28,2,S2,3Âº TRI,131
2008,Julho,12,SÃ¡bado,12/07/2008,28,2,S2,3Âº TRI,132
2008,Agosto,3,Domingo,03/08/2008,32,2,S2,3Âº TRI,133
2008,Agosto,4,Segunda-Feira,04/08/2008,32,2,S2,3Âº TRI,134
2008,Agosto,5,TerÃ§a-Feira,05/08/2008,32,2,S2,3Âº TRI,135
2008,Agosto,6,Quarta-Feira,06/08/2008,32,2,S2,3Âº TRI,136
2008,Agosto,7,Quinta-Feira,07/08/2008,32,2,S2,3Âº TRI,137
2008,Agosto,8,Sexta-Feira,08/08/2008,32,2,S2,3Âº TRI,138
2008,Agosto,9,SÃ¡bado,09/08/2008,32,2,S2,3Âº TRI,139
2008,Setembro,7,Domingo,07/09/2008,37,2,S2,3Âº TRI,140
2008,Setembro,8,Segunda-Feira,08/09/2008,37,2,S2,3Âº TRI,141
2008,Setembro,9,TerÃ§a-Feira,09/09/2008,37,2,S2,3Âº TRI,142
2008,Setembro,10,Quarta-Feira,10/09/2008,37,2,S2,3Âº TRI,143
2008,Setembro,11,Quinta-Feira,11/09/2008,37,2,S2,3Âº TRI,144
2008,Setembro,12,Sexta-Feira,12/09/2008,37,2,S2,3Âº TRI,145
2008,Setembro,13,SÃ¡bado,13/09/2008,37,2,S2,3Âº TRI,146
2008,Outubro,5,Domingo,05/10/2008,41,2,S2,4Âº TRI,147
2008,Outubro,6,Segunda-Feira,06/10/2008,41,2,S2,4Âº TRI,148
2008,Outubro,7,TerÃ§a-Feira,07/10/2008,41,2,S2,4Âº TRI,149
2008,Outubro,8,Quarta-Feira,08/10/2008,41,2,S2,4Âº TRI,150
2008,Outubro,9,Quinta-Feira,09/10/2008,41,2,S2,4Âº TRI,151
2008,Outubro,10,Sexta-Feira,10/10/2008,41,2,S2,4Âº TRI,152
2008,Outubro,11,SÃ¡bado,11/10/2008,41,2,S2,4Âº TRI,153
2008,Novembro,2,Domingo,02/11/2008,45,2,S2,4Âº TRI,154
2008,Novembro,3,Segunda-Feira,03/11/2008,45,2,S2,4Âº TRI,155
2008,Novembro,4,TerÃ§a-Feira,04/11/2008,45,2,S2,4Âº TRI,156
2008,Novembro,5,Quarta-Feira,05/11/2008,45,2,S2,4Âº TRI,157
2008,Novembro,6,Quinta-Feira,06/11/2008,45,2,S2,4Âº TRI,158
2008,Novembro,7,Sexta-Feira,07/11/2008,45,2,S2,4Âº TRI,159
2008,Novembro,8,SÃ¡bado,08/11/2008,45,2,S2,4Âº TRI,160
2008,Dezembro,7,Domingo,07/12/2008,50,2,S2,4Âº TRI,161
2008,Dezembro,8,Segunda-Feira,08/12/2008,50,2,S2,4Âº TRI,162
2008,Dezembro,9,TerÃ§a-Feira,09/12/2008,50,2,S2,4Âº TRI,163
2008,Dezembro,10,Quarta-Feira,10/12/2008,50,2,S2,4Âº TRI,164
2008,Dezembro,11,Quinta-Feira,11/12/2008,50,2,S2,4Âº TRI,165
2008,Dezembro,12,Sexta-Feira,12/12/2008,50,2,S2,4Âº TRI,166
2008,Dezembro,13,SÃ¡bado,13/12/2008,50,2,S2,4Âº TRI,167
2009,Janeiro,4,Domingo,04/01/2009,2,2,S1,1Âº TRI,168
2009,Janeiro,5,Segunda-Feira,05/01/2009,2,2,S1,1Âº TRI,169
2009,Janeiro,6,TerÃ§a-Feira,06/01/2009,2,2,S1,1Âº TRI,170
2009,Janeiro,7,Quarta-Feira,07/01/2009,2,2,S1,1Âº TRI,171
2009,Janeiro,8,Quinta-Feira,08/01/2009,2,2,S1,1Âº TRI,172
2009,Janeiro,9,Sexta-Feira,09/01/2009,2,2,S1,1Âº TRI,173
2009,Janeiro,10,SÃ¡bado,10/01/2009,2,2,S1,1Âº TRI,174
2009,Fevereiro,8,Domingo,08/02/2009,7,2,S1,1Âº TRI,175
2009,Fevereiro,9,Segunda-Feira,09/02/2009,7,2,S1,1Âº TRI,176
2009,Fevereiro,10,TerÃ§a-Feira,10/02/2009,7,2,S1,1Âº TRI,177
2009,Fevereiro,11,Quarta-Feira,11/02/2009,7,2,S1,1Âº TRI,178
2009,Fevereiro,12,Quinta-Feira,12/02/2009,7,2,S1,1Âº TRI,179
2009,Fevereiro,13,Sexta-Feira,13/02/2009,7,2,S1,1Âº TRI,180
2009,Fevereiro,14,SÃ¡bado,14/02/2009,7,2,S1,1Âº TRI,181
2009,MarÃ§o,8,Domingo,08/03/2009,11,2,S1,1Âº TRI,182
2009,MarÃ§o,9,Segunda-Feira,09/03/2009,11,2,S1,1Âº TRI,183
2009,MarÃ§o,10,TerÃ§a-Feira,10/03/2009,11,2,S1,1Âº TRI,184
2009,MarÃ§o,11,Quarta-Feira,11/03/2009,11,2,S1,1Âº TRI,185
2009,MarÃ§o,12,Quinta-Feira,12/03/2009,11,2,S1,1Âº TRI,186
2009,MarÃ§o,13,Sexta-Feira,13/03/2009,11,2,S1,1Âº TRI,187
2009,MarÃ§o,14,SÃ¡bado,14/03/2009,11,2,S1,1Âº TRI,188
2009,Abril,5,Domingo,05/04/2009,15,2,S1,2Âº TRI,189
2009,Abril,6,Segunda-Feira,06/04/2009,15,2,S1,2Âº TRI,190
2009,Abril,7,TerÃ§a-Feira,07/04/2009,15,2,S1,2Âº TRI,191
2009,Abril,8,Quarta-Feira,08/04/2009,15,2,S1,2Âº TRI,192
2009,Abril,9,Quinta-Feira,09/04/2009,15,2,S1,2Âº TRI,193
2009,Abril,10,Sexta-Feira,10/04/2009,15,2,S1,2Âº TRI,194
2009,Abril,11,SÃ¡bado,11/04/2009,15,2,S1,2Âº TRI,195
2009,Maio,3,Domingo,03/05/2009,19,2,S1,2Âº TRI,196
2009,Maio,4,Segunda-Feira,04/05/2009,19,2,S1,2Âº TRI,197
2009,Maio,5,TerÃ§a-Feira,05/05/2009,19,2,S1,2Âº TRI,198
2009,Maio,6,Quarta-Feira,06/05/2009,19,2,S1,2Âº TRI,199
2009,Maio,7,Quinta-Feira,07/05/2009,19,2,S1,2Âº TRI,200
2009,Maio,8,Sexta-Feira,08/05/2009,19,2,S1,2Âº TRI,201
2009,Maio,9,SÃ¡bado,09/05/2009,19,2,S1,2Âº TRI,202
2009,Junho,7,Domingo,07/06/2009,24,2,S1,2Âº TRI,203
2009,Junho,8,Segunda-Feira,08/06/2009,24,2,S1,2Âº TRI,204
2009,Junho,9,TerÃ§a-Feira,09/06/2009,24,2,S1,2Âº TRI,205
2009,Junho,10,Quarta-Feira,10/06/2009,24,2,S1,2Âº TRI,206
2009,Junho,11,Quinta-Feira,11/06/2009,24,2,S1,2Âº TRI,207
2009,Junho,12,Sexta-Feira,12/06/2009,24,2,S1,2Âº TRI,208
2009,Junho,13,SÃ¡bado,13/06/2009,24,2,S1,2Âº TRI,209
2009,Julho,5,Domingo,05/07/2009,28,2,S2,3Âº TRI,210
2009,Julho,6,Segunda-Feira,06/07/2009,28,2,S2,3Âº TRI,211
2009,Julho,7,TerÃ§a-Feira,07/07/2009,28,2,S2,3Âº TRI,212
2009,Julho,8,Quarta-Feira,08/07/2009,28,2,S2,3Âº TRI,213
2009,Julho,9,Quinta-Feira,09/07/2009,28,2,S2,3Âº TRI,214
2009,Julho,10,Sexta-Feira,10/07/2009,28,2,S2,3Âº TRI,215
2009,Julho,11,SÃ¡bado,11/07/2009,28,2,S2,3Âº TRI,216
2009,Agosto,2,Domingo,02/08/2009,32,2,S2,3Âº TRI,217
2009,Agosto,3,Segunda-Feira,03/08/2009,32,2,S2,3Âº TRI,218
2009,Agosto,4,TerÃ§a-Feira,04/08/2009,32,2,S2,3Âº TRI,219
2009,Agosto,5,Quarta-Feira,05/08/2009,32,2,S2,3Âº TRI,220
2009,Agosto,6,Quinta-Feira,06/08/2009,32,2,S2,3Âº TRI,221
2009,Agosto,7,Sexta-Feira,07/08/2009,32,2,S2,3Âº TRI,222
2009,Agosto,8,SÃ¡bado,08/08/2009,32,2,S2,3Âº TRI,223
2009,Setembro,6,Domingo,06/09/2009,37,2,S2,3Âº TRI,224
2009,Setembro,7,Segunda-Feira,07/09/2009,37,2,S2,3Âº TRI,225
2009,Setembro,8,TerÃ§a-Feira,08/09/2009,37,2,S2,3Âº TRI,226
2009,Setembro,9,Quarta-Feira,09/09/2009,37,2,S2,3Âº TRI,227
2009,Setembro,10,Quinta-Feira,10/09/2009,37,2,S2,3Âº TRI,228
2009,Setembro,11,Sexta-Feira,11/09/2009,37,2,S2,3Âº TRI,229
2009,Setembro,12,SÃ¡bado,12/09/2009,37,2,S2,3Âº TRI,230
2009,Outubro,4,Domingo,04/10/2009,41,2,S2,4Âº TRI,231
2009,Outubro,5,Segunda-Feira,05/10/2009,41,2,S2,4Âº TRI,232
2009,Outubro,6,TerÃ§a-Feira,06/10/2009,41,2,S2,4Âº TRI,233
2009,Outubro,7,Quarta-Feira,07/10/2009,41,2,S2,4Âº TRI,234
2009,Outubro,8,Quinta-Feira,08/10/2009,41,2,S2,4Âº TRI,235
2009,Outubro,9,Sexta-Feira,09/10/2009,41,2,S2,4Âº TRI,236
2009,Outubro,10,SÃ¡bado,10/10/2009,41,2,S2,4Âº TRI,237
2009,Novembro,8,Domingo,08/11/2009,46,2,S2,4Âº TRI,238
2009,Novembro,9,Segunda-Feira,09/11/2009,46,2,S2,4Âº TRI,239
2009,Novembro,10,TerÃ§a-Feira,10/11/2009,46,2,S2,4Âº TRI,240
2009,Novembro,11,Quarta-Feira,11/11/2009,46,2,S2,4Âº TRI,241
2009,Novembro,12,Quinta-Feira,12/11/2009,46,2,S2,4Âº TRI,242
2009,Novembro,13,Sexta-Feira,13/11/2009,46,2,S2,4Âº TRI,243
2009,Novembro,14,SÃ¡bado,14/11/2009,46,2,S2,4Âº TRI,244
2009,Dezembro,6,Domingo,06/12/2009,50,2,S2,4Âº TRI,245
2009,Dezembro,7,Segunda-Feira,07/12/2009,50,2,S2,4Âº TRI,246
2009,Dezembro,8,TerÃ§a-Feira,08/12/2009,50,2,S2,4Âº TRI,247
2009,Dezembro,9,Quarta-Feira,09/12/2009,50,2,S2,4Âº TRI,248
2009,Dezembro,10,Quinta-Feira,10/12/2009,50,2,S2,4Âº TRI,249
2009,Dezembro,11,Sexta-Feira,11/12/2009,50,2,S2,4Âº TRI,250
2009,Dezembro,12,SÃ¡bado,12/12/2009,50,2,S2,4Âº TRI,251
2009,Janeiro,11,Domingo,11/01/2009,3,3,S1,1Âº TRI,252
2009,Janeiro,12,Segunda-Feira,12/01/2009,3,3,S1,1Âº TRI,253
2009,Janeiro,13,TerÃ§a-Feira,13/01/2009,3,3,S1,1Âº TRI,254
2009,Janeiro,14,Quarta-Feira,14/01/2009,3,3,S1,1Âº TRI,255
2009,Janeiro,15,Quinta-Feira,15/01/2009,3,3,S1,1Âº TRI,256
2009,Janeiro,16,Sexta-Feira,16/01/2009,3,3,S1,1Âº TRI,257
2009,Janeiro,17,SÃ¡bado,17/01/2009,3,3,S1,1Âº TRI,258
2009,Fevereiro,15,Domingo,15/02/2009,8,3,S1,1Âº TRI,259
2009,Fevereiro,16,Segunda-Feira,16/02/2009,8,3,S1,1Âº TRI,260
2009,Fevereiro,17,TerÃ§a-Feira,17/02/2009,8,3,S1,1Âº TRI,261
2009,Fevereiro,18,Quarta-Feira,18/02/2009,8,3,S1,1Âº TRI,262
2009,Fevereiro,19,Quinta-Feira,19/02/2009,8,3,S1,1Âº TRI,263
2009,Fevereiro,20,Sexta-Feira,20/02/2009,8,3,S1,1Âº TRI,264
2009,Fevereiro,21,SÃ¡bado,21/02/2009,8,3,S1,1Âº TRI,265
2009,MarÃ§o,15,Domingo,15/03/2009,12,3,S1,1Âº TRI,266
2009,MarÃ§o,16,Segunda-Feira,16/03/2009,12,3,S1,1Âº TRI,267
2009,MarÃ§o,17,TerÃ§a-Feira,17/03/2009,12,3,S1,1Âº TRI,268
2009,MarÃ§o,18,Quarta-Feira,18/03/2009,12,3,S1,1Âº TRI,269
2009,MarÃ§o,19,Quinta-Feira,19/03/2009,12,3,S1,1Âº TRI,270
2009,MarÃ§o,20,Sexta-Feira,20/03/2009,12,3,S1,1Âº TRI,271
2009,MarÃ§o,21,SÃ¡bado,21/03/2009,12,3,S1,1Âº TRI,272
2009,Abril,12,Domingo,12/04/2009,16,3,S1,2Âº TRI,273
2009,Abril,13,Segunda-Feira,13/04/2009,16,3,S1,2Âº TRI,274
2009,Abril,14,TerÃ§a-Feira,14/04/2009,16,3,S1,2Âº TRI,275
2009,Abril,15,Quarta-Feira,15/04/2009,16,3,S1,2Âº TRI,276
2009,Abril,16,Quinta-Feira,16/04/2009,16,3,S1,2Âº TRI,277
2009,Abril,17,Sexta-Feira,17/04/2009,16,3,S1,2Âº TRI,278
2009,Abril,18,SÃ¡bado,18/04/2009,16,3,S1,2Âº TRI,279
2009,Maio,10,Domingo,10/05/2009,20,3,S1,2Âº TRI,280
2009,Maio,11,Segunda-Feira,11/05/2009,20,3,S1,2Âº TRI,281
2009,Maio,12,TerÃ§a-Feira,12/05/2009,20,3,S1,2Âº TRI,282
2009,Maio,13,Quarta-Feira,13/05/2009,20,3,S1,2Âº TRI,283
2009,Maio,14,Quinta-Feira,14/05/2009,20,3,S1,2Âº TRI,284
2009,Maio,15,Sexta-Feira,15/05/2009,20,3,S1,2Âº TRI,285
2009,Maio,16,SÃ¡bado,16/05/2009,20,3,S1,2Âº TRI,286
2009,Junho,14,Domingo,14/06/2009,25,3,S1,2Âº TRI,287
2009,Junho,15,Segunda-Feira,15/06/2009,25,3,S1,2Âº TRI,288
2009,Junho,16,TerÃ§a-Feira,16/06/2009,25,3,S1,2Âº TRI,289
2009,Junho,17,Quarta-Feira,17/06/2009,25,3,S1,2Âº TRI,290
2009,Junho,18,Quinta-Feira,18/06/2009,25,3,S1,2Âº TRI,291
2009,Junho,19,Sexta-Feira,19/06/2009,25,3,S1,2Âº TRI,292
2009,Junho,20,SÃ¡bado,20/06/2009,25,3,S1,2Âº TRI,293
2009,Julho,12,Domingo,12/07/2009,29,3,S2,3Âº TRI,294
2009,Julho,13,Segunda-Feira,13/07/2009,29,3,S2,3Âº TRI,295
2009,Julho,14,TerÃ§a-Feira,14/07/2009,29,3,S2,3Âº TRI,296
2009,Julho,15,Quarta-Feira,15/07/2009,29,3,S2,3Âº TRI,297
2009,Julho,16,Quinta-Feira,16/07/2009,29,3,S2,3Âº TRI,298
2009,Julho,17,Sexta-Feira,17/07/2009,29,3,S2,3Âº TRI,299
2009,Julho,18,SÃ¡bado,18/07/2009,29,3,S2,3Âº TRI,300
2009,Agosto,9,Domingo,09/08/2009,33,3,S2,3Âº TRI,301
2009,Agosto,10,Segunda-Feira,10/08/2009,33,3,S2,3Âº TRI,302
2009,Agosto,11,TerÃ§a-Feira,11/08/2009,33,3,S2,3Âº TRI,303
2009,Agosto,12,Quarta-Feira,12/08/2009,33,3,S2,3Âº TRI,304
2009,Agosto,13,Quinta-Feira,13/08/2009,33,3,S2,3Âº TRI,305
2009,Agosto,14,Sexta-Feira,14/08/2009,33,3,S2,3Âº TRI,306
2009,Agosto,15,SÃ¡bado,15/08/2009,33,3,S2,3Âº TRI,307
2009,Setembro,13,Domingo,13/09/2009,38,3,S2,3Âº TRI,308
2009,Setembro,14,Segunda-Feira,14/09/2009,38,3,S2,3Âº TRI,309
2009,Setembro,15,TerÃ§a-Feira,15/09/2009,38,3,S2,3Âº TRI,310
2009,Setembro,16,Quarta-Feira,16/09/2009,38,3,S2,3Âº TRI,311
2009,Setembro,17,Quinta-Feira,17/09/2009,38,3,S2,3Âº TRI,312
2009,Setembro,18,Sexta-Feira,18/09/2009,38,3,S2,3Âº TRI,313
2009,Setembro,19,SÃ¡bado,19/09/2009,38,3,S2,3Âº TRI,314
2009,Outubro,11,Domingo,11/10/2009,42,3,S2,4Âº TRI,315
2009,Outubro,12,Segunda-Feira,12/10/2009,42,3,S2,4Âº TRI,316
2009,Outubro,13,TerÃ§a-Feira,13/10/2009,42,3,S2,4Âº TRI,317
2009,Outubro,14,Quarta-Feira,14/10/2009,42,3,S2,4Âº TRI,318
2009,Outubro,15,Quinta-Feira,15/10/2009,42,3,S2,4Âº TRI,319
2009,Outubro,16,Sexta-Feira,16/10/2009,42,3,S2,4Âº TRI,320
2009,Outubro,17,SÃ¡bado,17/10/2009,42,3,S2,4Âº TRI,321
2009,Novembro,15,Domingo,15/11/2009,47,3,S2,4Âº TRI,322
2009,Novembro,16,Segunda-Feira,16/11/2009,47,3,S2,4Âº TRI,323
2009,Novembro,17,TerÃ§a-Feira,17/11/2009,47,3,S2,4Âº TRI,324
2009,Novembro,18,Quarta-Feira,18/11/2009,47,3,S2,4Âº TRI,325
2009,Novembro,19,Quinta-Feira,19/11/2009,47,3,S2,4Âº TRI,326
2009,Novembro,20,Sexta-Feira,20/11/2009,47,3,S2,4Âº TRI,327
2009,Novembro,21,SÃ¡bado,21/11/2009,47,3,S2,4Âº TRI,328
2009,Dezembro,13,Domingo,13/12/2009,51,3,S2,4Âº TRI,329
2009,Dezembro,14,Segunda-Feira,14/12/2009,51,3,S2,4Âº TRI,330
2009,Dezembro,15,TerÃ§a-Feira,15/12/2009,51,3,S2,4Âº TRI,331
2009,Dezembro,16,Quarta-Feira,16/12/2009,51,3,S2,4Âº TRI,332
2009,Dezembro,17,Quinta-Feira,17/12/2009,51,3,S2,4Âº TRI,333
2009,Dezembro,18,Sexta-Feira,18/12/2009,51,3,S2,4Âº TRI,334
2009,Dezembro,19,SÃ¡bado,19/12/2009,51,3,S2,4Âº TRI,335
2008,Janeiro,13,Domingo,13/01/2008,3,3,S1,1Âº TRI,336
2008,Janeiro,14,Segunda-Feira,14/01/2008,3,3,S1,1Âº TRI,337
2008,Janeiro,15,TerÃ§a-Feira,15/01/2008,3,3,S1,1Âº TRI,338
2008,Janeiro,16,Quarta-Feira,16/01/2008,3,3,S1,1Âº TRI,339
2008,Janeiro,17,Quinta-Feira,17/01/2008,3,3,S1,1Âº TRI,340
2008,Janeiro,18,Sexta-Feira,18/01/2008,3,3,S1,1Âº TRI,341
2008,Janeiro,19,SÃ¡bado,19/01/2008,3,3,S1,1Âº TRI,342
2008,Fevereiro,10,Domingo,10/02/2008,7,3,S1,1Âº TRI,343
2008,Fevereiro,11,Segunda-Feira,11/02/2008,7,3,S1,1Âº TRI,344
2008,Fevereiro,12,TerÃ§a-Feira,12/02/2008,7,3,S1,1Âº TRI,345
2008,Fevereiro,13,Quarta-Feira,13/02/2008,7,3,S1,1Âº TRI,346
2008,Fevereiro,14,Quinta-Feira,14/02/2008,7,3,S1,1Âº TRI,347
2008,Fevereiro,15,Sexta-Feira,15/02/2008,7,3,S1,1Âº TRI,348
2008,Fevereiro,16,SÃ¡bado,16/02/2008,7,3,S1,1Âº TRI,349
2008,MarÃ§o,9,Domingo,09/03/2008,11,3,S1,1Âº TRI,350
2008,MarÃ§o,10,Segunda-Feira,10/03/2008,11,3,S1,1Âº TRI,351
2008,MarÃ§o,11,TerÃ§a-Feira,11/03/2008,11,3,S1,1Âº TRI,352
2008,MarÃ§o,12,Quarta-Feira,12/03/2008,11,3,S1,1Âº TRI,353
2008,MarÃ§o,13,Quinta-Feira,13/03/2008,11,3,S1,1Âº TRI,354
2008,MarÃ§o,14,Sexta-Feira,14/03/2008,11,3,S1,1Âº TRI,355
2008,MarÃ§o,15,SÃ¡bado,15/03/2008,11,3,S1,1Âº TRI,356
2008,Abril,13,Domingo,13/04/2008,16,3,S1,2Âº TRI,357
2008,Abril,14,Segunda-Feira,14/04/2008,16,3,S1,2Âº TRI,358
2008,Abril,15,TerÃ§a-Feira,15/04/2008,16,3,S1,2Âº TRI,359
2008,Abril,16,Quarta-Feira,16/04/2008,16,3,S1,2Âº TRI,360
2008,Abril,17,Quinta-Feira,17/04/2008,16,3,S1,2Âº TRI,361
2008,Abril,18,Sexta-Feira,18/04/2008,16,3,S1,2Âº TRI,362
2008,Abril,19,SÃ¡bado,19/04/2008,16,3,S1,2Âº TRI,363
2008,Maio,11,Domingo,11/05/2008,20,3,S1,2Âº TRI,364
2008,Maio,12,Segunda-Feira,12/05/2008,20,3,S1,2Âº TRI,365
2008,Maio,13,TerÃ§a-Feira,13/05/2008,20,3,S1,2Âº TRI,366
2008,Maio,14,Quarta-Feira,14/05/2008,20,3,S1,2Âº TRI,367
2008,Maio,15,Quinta-Feira,15/05/2008,20,3,S1,2Âº TRI,368
2008,Maio,16,Sexta-Feira,16/05/2008,20,3,S1,2Âº TRI,369
2008,Maio,17,SÃ¡bado,17/05/2008,20,3,S1,2Âº TRI,370
2008,Junho,15,Domingo,15/06/2008,25,3,S1,2Âº TRI,371
2008,Junho,16,Segunda-Feira,16/06/2008,25,3,S1,2Âº TRI,372
2008,Junho,17,TerÃ§a-Feira,17/06/2008,25,3,S1,2Âº TRI,373
2008,Junho,18,Quarta-Feira,18/06/2008,25,3,S1,2Âº TRI,374
2008,Junho,19,Quinta-Feira,19/06/2008,25,3,S1,2Âº TRI,375
2008,Junho,20,Sexta-Feira,20/06/2008,25,3,S1,2Âº TRI,376
2008,Junho,21,SÃ¡bado,21/06/2008,25,3,S1,2Âº TRI,377
2008,Julho,13,Domingo,13/07/2008,29,3,S2,3Âº TRI,378
2008,Julho,14,Segunda-Feira,14/07/2008,29,3,S2,3Âº TRI,379
2008,Julho,15,TerÃ§a-Feira,15/07/2008,29,3,S2,3Âº TRI,380
2008,Julho,16,Quarta-Feira,16/07/2008,29,3,S2,3Âº TRI,381
2008,Julho,17,Quinta-Feira,17/07/2008,29,3,S2,3Âº TRI,382
2008,Julho,18,Sexta-Feira,18/07/2008,29,3,S2,3Âº TRI,383
2008,Julho,19,SÃ¡bado,19/07/2008,29,3,S2,3Âº TRI,384
2008,Agosto,10,Domingo,10/08/2008,33,3,S2,3Âº TRI,385
2008,Agosto,11,Segunda-Feira,11/08/2008,33,3,S2,3Âº TRI,386
2008,Agosto,12,TerÃ§a-Feira,12/08/2008,33,3,S2,3Âº TRI,387
2008,Agosto,13,Quarta-Feira,13/08/2008,33,3,S2,3Âº TRI,388
2008,Agosto,14,Quinta-Feira,14/08/2008,33,3,S2,3Âº TRI,389
2008,Agosto,15,Sexta-Feira,15/08/2008,33,3,S2,3Âº TRI,390
2008,Agosto,16,SÃ¡bado,16/08/2008,33,3,S2,3Âº TRI,391
2008,Setembro,14,Domingo,14/09/2008,38,3,S2,3Âº TRI,392
2008,Setembro,15,Segunda-Feira,15/09/2008,38,3,S2,3Âº TRI,393
2008,Setembro,16,TerÃ§a-Feira,16/09/2008,38,3,S2,3Âº TRI,394
2008,Setembro,17,Quarta-Feira,17/09/2008,38,3,S2,3Âº TRI,395
2008,Setembro,18,Quinta-Feira,18/09/2008,38,3,S2,3Âº TRI,396
2008,Setembro,19,Sexta-Feira,19/09/2008,38,3,S2,3Âº TRI,397
2008,Setembro,20,SÃ¡bado,20/09/2008,38,3,S2,3Âº TRI,398
2008,Outubro,12,Domingo,12/10/2008,42,3,S2,4Âº TRI,399
2008,Outubro,13,Segunda-Feira,13/10/2008,42,3,S2,4Âº TRI,400
2008,Outubro,14,TerÃ§a-Feira,14/10/2008,42,3,S2,4Âº TRI,401
2008,Outubro,15,Quarta-Feira,15/10/2008,42,3,S2,4Âº TRI,402
2008,Outubro,16,Quinta-Feira,16/10/2008,42,3,S2,4Âº TRI,403
2008,Outubro,17,Sexta-Feira,17/10/2008,42,3,S2,4Âº TRI,404
2008,Outubro,18,SÃ¡bado,18/10/2008,42,3,S2,4Âº TRI,405
2008,Novembro,9,Domingo,09/11/2008,46,3,S2,4Âº TRI,406
2008,Novembro,10,Segunda-Feira,10/11/2008,46,3,S2,4Âº TRI,407
2008,Novembro,11,TerÃ§a-Feira,11/11/2008,46,3,S2,4Âº TRI,408
2008,Novembro,12,Quarta-Feira,12/11/2008,46,3,S2,4Âº TRI,409
2008,Novembro,13,Quinta-Feira,13/11/2008,46,3,S2,4Âº TRI,410
2008,Novembro,14,Sexta-Feira,14/11/2008,46,3,S2,4Âº TRI,411
2008,Novembro,15,SÃ¡bado,15/11/2008,46,3,S2,4Âº TRI,412
2008,Dezembro,14,Domingo,14/12/2008,51,3,S2,4Âº TRI,413
2008,Dezembro,15,Segunda-Feira,15/12/2008,51,3,S2,4Âº TRI,414
2008,Dezembro,16,TerÃ§a-Feira,16/12/2008,51,3,S2,4Âº TRI,415
2008,Dezembro,17,Quarta-Feira,17/12/2008,51,3,S2,4Âº TRI,416
2008,Dezembro,18,Quinta-Feira,18/12/2008,51,3,S2,4Âº TRI,417
2008,Dezembro,19,Sexta-Feira,19/12/2008,51,3,S2,4Âº TRI,418
2008,Dezembro,20,SÃ¡bado,20/12/2008,51,3,S2,4Âº TRI,419
2007,Janeiro,14,Domingo,14/01/2007,3,3,S1,1Âº TRI,420
2007,Janeiro,15,Segunda-Feira,15/01/2007,3,3,S1,1Âº TRI,421
2007,Janeiro,16,TerÃ§a-Feira,16/01/2007,3,3,S1,1Âº TRI,422
2007,Janeiro,17,Quarta-Feira,17/01/2007,3,3,S1,1Âº TRI,423
2007,Janeiro,18,Quinta-Feira,18/01/2007,3,3,S1,1Âº TRI,424
2007,Janeiro,19,Sexta-Feira,19/01/2007,3,3,S1,1Âº TRI,425
2007,Janeiro,20,SÃ¡bado,20/01/2007,3,3,S1,1Âº TRI,426
2007,Fevereiro,11,Domingo,11/02/2007,7,3,S1,1Âº TRI,427
2007,Fevereiro,12,Segunda-Feira,12/02/2007,7,3,S1,1Âº TRI,428
2007,Fevereiro,13,TerÃ§a-Feira,13/02/2007,7,3,S1,1Âº TRI,429
2007,Fevereiro,14,Quarta-Feira,14/02/2007,7,3,S1,1Âº TRI,430
2007,Fevereiro,15,Quinta-Feira,15/02/2007,7,3,S1,1Âº TRI,431
2007,Fevereiro,16,Sexta-Feira,16/02/2007,7,3,S1,1Âº TRI,432
2007,Fevereiro,17,SÃ¡bado,17/02/2007,7,3,S1,1Âº TRI,433
2007,MarÃ§o,11,Domingo,11/03/2007,11,3,S1,1Âº TRI,434
2007,MarÃ§o,12,Segunda-Feira,12/03/2007,11,3,S1,1Âº TRI,435
2007,MarÃ§o,13,TerÃ§a-Feira,13/03/2007,11,3,S1,1Âº TRI,436
2007,MarÃ§o,14,Quarta-Feira,14/03/2007,11,3,S1,1Âº TRI,437
2007,MarÃ§o,15,Quinta-Feira,15/03/2007,11,3,S1,1Âº TRI,438
2007,MarÃ§o,16,Sexta-Feira,16/03/2007,11,3,S1,1Âº TRI,439
2007,MarÃ§o,17,SÃ¡bado,17/03/2007,11,3,S1,1Âº TRI,440
2007,Abril,15,Domingo,15/04/2007,16,3,S1,2Âº TRI,441
2007,Abril,16,Segunda-Feira,16/04/2007,16,3,S1,2Âº TRI,442
2007,Abril,17,TerÃ§a-Feira,17/04/2007,16,3,S1,2Âº TRI,443
2007,Abril,18,Quarta-Feira,18/04/2007,16,3,S1,2Âº TRI,444
2007,Abril,19,Quinta-Feira,19/04/2007,16,3,S1,2Âº TRI,445
2007,Abril,20,Sexta-Feira,20/04/2007,16,3,S1,2Âº TRI,446
2007,Abril,21,SÃ¡bado,21/04/2007,16,3,S1,2Âº TRI,447
2007,Maio,13,Domingo,13/05/2007,20,3,S1,2Âº TRI,448
2007,Maio,14,Segunda-Feira,14/05/2007,20,3,S1,2Âº TRI,449
2007,Maio,15,TerÃ§a-Feira,15/05/2007,20,3,S1,2Âº TRI,450
2007,Maio,16,Quarta-Feira,16/05/2007,20,3,S1,2Âº TRI,451
2007,Maio,17,Quinta-Feira,17/05/2007,20,3,S1,2Âº TRI,452
2007,Maio,18,Sexta-Feira,18/05/2007,20,3,S1,2Âº TRI,453
2007,Maio,19,SÃ¡bado,19/05/2007,20,3,S1,2Âº TRI,454
2007,Junho,10,Domingo,10/06/2007,24,3,S1,2Âº TRI,455
2007,Junho,11,Segunda-Feira,11/06/2007,24,3,S1,2Âº TRI,456
2007,Junho,12,TerÃ§a-Feira,12/06/2007,24,3,S1,2Âº TRI,457
2007,Junho,13,Quarta-Feira,13/06/2007,24,3,S1,2Âº TRI,458
2007,Junho,14,Quinta-Feira,14/06/2007,24,3,S1,2Âº TRI,459
2007,Junho,15,Sexta-Feira,15/06/2007,24,3,S1,2Âº TRI,460
2007,Junho,16,SÃ¡bado,16/06/2007,24,3,S1,2Âº TRI,461
2007,Julho,15,Domingo,15/07/2007,29,3,S2,3Âº TRI,462
2007,Julho,16,Segunda-Feira,16/07/2007,29,3,S2,3Âº TRI,463
2007,Julho,17,TerÃ§a-Feira,17/07/2007,29,3,S2,3Âº TRI,464
2007,Julho,18,Quarta-Feira,18/07/2007,29,3,S2,3Âº TRI,465
2007,Julho,19,Quinta-Feira,19/07/2007,29,3,S2,3Âº TRI,466
2007,Julho,20,Sexta-Feira,20/07/2007,29,3,S2,3Âº TRI,467
2007,Julho,21,SÃ¡bado,21/07/2007,29,3,S2,3Âº TRI,468
2007,Agosto,12,Domingo,12/08/2007,33,3,S2,3Âº TRI,469
2007,Agosto,13,Segunda-Feira,13/08/2007,33,3,S2,3Âº TRI,470
2007,Agosto,14,TerÃ§a-Feira,14/08/2007,33,3,S2,3Âº TRI,471
2007,Agosto,15,Quarta-Feira,15/08/2007,33,3,S2,3Âº TRI,472
2007,Agosto,16,Quinta-Feira,16/08/2007,33,3,S2,3Âº TRI,473
2007,Agosto,17,Sexta-Feira,17/08/2007,33,3,S2,3Âº TRI,474
2007,Agosto,18,SÃ¡bado,18/08/2007,33,3,S2,3Âº TRI,475
2007,Setembro,9,Domingo,09/09/2007,37,3,S2,3Âº TRI,476
2007,Setembro,10,Segunda-Feira,10/09/2007,37,3,S2,3Âº TRI,477
2007,Setembro,11,TerÃ§a-Feira,11/09/2007,37,3,S2,3Âº TRI,478
2007,Setembro,12,Quarta-Feira,12/09/2007,37,3,S2,3Âº TRI,479
2007,Setembro,13,Quinta-Feira,13/09/2007,37,3,S2,3Âº TRI,480
2007,Setembro,14,Sexta-Feira,14/09/2007,37,3,S2,3Âº TRI,481
2007,Setembro,15,SÃ¡bado,15/09/2007,37,3,S2,3Âº TRI,482
2007,Outubro,14,Domingo,14/10/2007,42,3,S2,4Âº TRI,483
2007,Outubro,15,Segunda-Feira,15/10/2007,42,3,S2,4Âº TRI,484
2007,Outubro,16,TerÃ§a-Feira,16/10/2007,42,3,S2,4Âº TRI,485
2007,Outubro,17,Quarta-Feira,17/10/2007,42,3,S2,4Âº TRI,486
2007,Outubro,18,Quinta-Feira,18/10/2007,42,3,S2,4Âº TRI,487
2007,Outubro,19,Sexta-Feira,19/10/2007,42,3,S2,4Âº TRI,488
2007,Outubro,20,SÃ¡bado,20/10/2007,42,3,S2,4Âº TRI,489
2007,Novembro,11,Domingo,11/11/2007,46,3,S2,4Âº TRI,490
2007,Novembro,12,Segunda-Feira,12/11/2007,46,3,S2,4Âº TRI,491
2007,Novembro,13,TerÃ§a-Feira,13/11/2007,46,3,S2,4Âº TRI,492
2007,Novembro,14,Quarta-Feira,14/11/2007,46,3,S2,4Âº TRI,493
2007,Novembro,15,Quinta-Feira,15/11/2007,46,3,S2,4Âº TRI,494
2007,Novembro,16,Sexta-Feira,16/11/2007,46,3,S2,4Âº TRI,495
2007,Novembro,17,SÃ¡bado,17/11/2007,46,3,S2,4Âº TRI,496
2007,Dezembro,9,Domingo,09/12/2007,50,3,S2,4Âº TRI,497
2007,Dezembro,10,Segunda-Feira,10/12/2007,50,3,S2,4Âº TRI,498
2007,Dezembro,11,TerÃ§a-Feira,11/12/2007,50,3,S2,4Âº TRI,499
2007,Dezembro,12,Quarta-Feira,12/12/2007,50,3,S2,4Âº TRI,500
2007,Dezembro,13,Quinta-Feira,13/12/2007,50,3,S2,4Âº TRI,501
2007,Dezembro,14,Sexta-Feira,14/12/2007,50,3,S2,4Âº TRI,502
2007,Dezembro,15,SÃ¡bado,15/12/2007,50,3,S2,4Âº TRI,503
2007,Janeiro,21,Domingo,21/01/2007,4,4,S1,1Âº TRI,504
2007,Janeiro,22,Segunda-Feira,22/01/2007,4,4,S1,1Âº TRI,505
2007,Janeiro,23,TerÃ§a-Feira,23/01/2007,4,4,S1,1Âº TRI,506
2007,Janeiro,24,Quarta-Feira,24/01/2007,4,4,S1,1Âº TRI,507
2007,Janeiro,25,Quinta-Feira,25/01/2007,4,4,S1,1Âº TRI,508
2007,Janeiro,26,Sexta-Feira,26/01/2007,4,4,S1,1Âº TRI,509
2007,Janeiro,27,SÃ¡bado,27/01/2007,4,4,S1,1Âº TRI,510
2007,Fevereiro,18,Domingo,18/02/2007,8,4,S1,1Âº TRI,511
2007,Fevereiro,19,Segunda-Feira,19/02/2007,8,4,S1,1Âº TRI,512
2007,Fevereiro,20,TerÃ§a-Feira,20/02/2007,8,4,S1,1Âº TRI,513
2007,Fevereiro,21,Quarta-Feira,21/02/2007,8,4,S1,1Âº TRI,514
2007,Fevereiro,22,Quinta-Feira,22/02/2007,8,4,S1,1Âº TRI,515
2007,Fevereiro,23,Sexta-Feira,23/02/2007,8,4,S1,1Âº TRI,516
2007,Fevereiro,24,SÃ¡bado,24/02/2007,8,4,S1,1Âº TRI,517
2007,MarÃ§o,18,Domingo,18/03/2007,12,4,S1,1Âº TRI,518
2007,MarÃ§o,19,Segunda-Feira,19/03/2007,12,4,S1,1Âº TRI,519
2007,MarÃ§o,20,TerÃ§a-Feira,20/03/2007,12,4,S1,1Âº TRI,520
2007,MarÃ§o,21,Quarta-Feira,21/03/2007,12,4,S1,1Âº TRI,521
2007,MarÃ§o,22,Quinta-Feira,22/03/2007,12,4,S1,1Âº TRI,522
2007,MarÃ§o,23,Sexta-Feira,23/03/2007,12,4,S1,1Âº TRI,523
2007,MarÃ§o,24,SÃ¡bado,24/03/2007,12,4,S1,1Âº TRI,524
2007,Abril,22,Domingo,22/04/2007,17,4,S1,2Âº TRI,525
2007,Abril,23,Segunda-Feira,23/04/2007,17,4,S1,2Âº TRI,526
2007,Abril,24,TerÃ§a-Feira,24/04/2007,17,4,S1,2Âº TRI,527
2007,Abril,25,Quarta-Feira,25/04/2007,17,4,S1,2Âº TRI,528
2007,Abril,26,Quinta-Feira,26/04/2007,17,4,S1,2Âº TRI,529
2007,Abril,27,Sexta-Feira,27/04/2007,17,4,S1,2Âº TRI,530
2007,Abril,28,SÃ¡bado,28/04/2007,17,4,S1,2Âº TRI,531
2007,Maio,20,Domingo,20/05/2007,21,4,S1,2Âº TRI,532
2007,Maio,21,Segunda-Feira,21/05/2007,21,4,S1,2Âº TRI,533
2007,Maio,22,TerÃ§a-Feira,22/05/2007,21,4,S1,2Âº TRI,534
2007,Maio,23,Quarta-Feira,23/05/2007,21,4,S1,2Âº TRI,535
2007,Maio,24,Quinta-Feira,24/05/2007,21,4,S1,2Âº TRI,536
2007,Maio,25,Sexta-Feira,25/05/2007,21,4,S1,2Âº TRI,537
2007,Maio,26,SÃ¡bado,26/05/2007,21,4,S1,2Âº TRI,538
2007,Junho,17,Domingo,17/06/2007,25,4,S1,2Âº TRI,539
2007,Junho,18,Segunda-Feira,18/06/2007,25,4,S1,2Âº TRI,540
2007,Junho,19,TerÃ§a-Feira,19/06/2007,25,4,S1,2Âº TRI,541
2007,Junho,20,Quarta-Feira,20/06/2007,25,4,S1,2Âº TRI,542
2007,Junho,21,Quinta-Feira,21/06/2007,25,4,S1,2Âº TRI,543
2007,Junho,22,Sexta-Feira,22/06/2007,25,4,S1,2Âº TRI,544
2007,Junho,23,SÃ¡bado,23/06/2007,25,4,S1,2Âº TRI,545
2007,Julho,22,Domingo,22/07/2007,30,4,S2,3Âº TRI,546
2007,Julho,23,Segunda-Feira,23/07/2007,30,4,S2,3Âº TRI,547
2007,Julho,24,TerÃ§a-Feira,24/07/2007,30,4,S2,3Âº TRI,548
2007,Julho,25,Quarta-Feira,25/07/2007,30,4,S2,3Âº TRI,549
2007,Julho,26,Quinta-Feira,26/07/2007,30,4,S2,3Âº TRI,550
2007,Julho,27,Sexta-Feira,27/07/2007,30,4,S2,3Âº TRI,551
2007,Julho,28,SÃ¡bado,28/07/2007,30,4,S2,3Âº TRI,552
2007,Agosto,19,Domingo,19/08/2007,34,4,S2,3Âº TRI,553
2007,Agosto,20,Segunda-Feira,20/08/2007,34,4,S2,3Âº TRI,554
2007,Agosto,21,TerÃ§a-Feira,21/08/2007,34,4,S2,3Âº TRI,555
2007,Agosto,22,Quarta-Feira,22/08/2007,34,4,S2,3Âº TRI,556
2007,Agosto,23,Quinta-Feira,23/08/2007,34,4,S2,3Âº TRI,557
2007,Agosto,24,Sexta-Feira,24/08/2007,34,4,S2,3Âº TRI,558
2007,Agosto,25,SÃ¡bado,25/08/2007,34,4,S2,3Âº TRI,559
2007,Setembro,16,Domingo,16/09/2007,38,4,S2,3Âº TRI,560
2007,Setembro,17,Segunda-Feira,17/09/2007,38,4,S2,3Âº TRI,561
2007,Setembro,18,TerÃ§a-Feira,18/09/2007,38,4,S2,3Âº TRI,562
2007,Setembro,19,Quarta-Feira,19/09/2007,38,4,S2,3Âº TRI,563
2007,Setembro,20,Quinta-Feira,20/09/2007,38,4,S2,3Âº TRI,564
2007,Setembro,21,Sexta-Feira,21/09/2007,38,4,S2,3Âº TRI,565
2007,Setembro,22,SÃ¡bado,22/09/2007,38,4,S2,3Âº TRI,566
2007,Outubro,21,Domingo,21/10/2007,43,4,S2,4Âº TRI,567
2007,Outubro,22,Segunda-Feira,22/10/2007,43,4,S2,4Âº TRI,568
2007,Outubro,23,TerÃ§a-Feira,23/10/2007,43,4,S2,4Âº TRI,569
2007,Outubro,24,Quarta-Feira,24/10/2007,43,4,S2,4Âº TRI,570
2007,Outubro,25,Quinta-Feira,25/10/2007,43,4,S2,4Âº TRI,571
2007,Outubro,26,Sexta-Feira,26/10/2007,43,4,S2,4Âº TRI,572
2007,Outubro,27,SÃ¡bado,27/10/2007,43,4,S2,4Âº TRI,573
2007,Novembro,18,Domingo,18/11/2007,47,4,S2,4Âº TRI,574
2007,Novembro,19,Segunda-Feira,19/11/2007,47,4,S2,4Âº TRI,575
2007,Novembro,20,TerÃ§a-Feira,20/11/2007,47,4,S2,4Âº TRI,576
2007,Novembro,21,Quarta-Feira,21/11/2007,47,4,S2,4Âº TRI,577
2007,Novembro,22,Quinta-Feira,22/11/2007,47,4,S2,4Âº TRI,578
2007,Novembro,23,Sexta-Feira,23/11/2007,47,4,S2,4Âº TRI,579
2007,Novembro,24,SÃ¡bado,24/11/2007,47,4,S2,4Âº TRI,580
2007,Dezembro,16,Domingo,16/12/2007,51,4,S2,4Âº TRI,581
2007,Dezembro,17,Segunda-Feira,17/12/2007,51,4,S2,4Âº TRI,582
2007,Dezembro,18,TerÃ§a-Feira,18/12/2007,51,4,S2,4Âº TRI,583
2007,Dezembro,19,Quarta-Feira,19/12/2007,51,4,S2,4Âº TRI,584
2007,Dezembro,20,Quinta-Feira,20/12/2007,51,4,S2,4Âº TRI,585
2007,Dezembro,21,Sexta-Feira,21/12/2007,51,4,S2,4Âº TRI,586
2007,Dezembro,22,SÃ¡bado,22/12/2007,51,4,S2,4Âº TRI,587
2008,Janeiro,20,Domingo,20/01/2008,4,4,S1,1Âº TRI,588
2008,Janeiro,21,Segunda-Feira,21/01/2008,4,4,S1,1Âº TRI,589
2008,Janeiro,22,TerÃ§a-Feira,22/01/2008,4,4,S1,1Âº TRI,590
2008,Janeiro,23,Quarta-Feira,23/01/2008,4,4,S1,1Âº TRI,591
2008,Janeiro,24,Quinta-Feira,24/01/2008,4,4,S1,1Âº TRI,592
2008,Janeiro,25,Sexta-Feira,25/01/2008,4,4,S1,1Âº TRI,593
2008,Janeiro,26,SÃ¡bado,26/01/2008,4,4,S1,1Âº TRI,594
2008,Fevereiro,17,Domingo,17/02/2008,8,4,S1,1Âº TRI,595
2008,Fevereiro,18,Segunda-Feira,18/02/2008,8,4,S1,1Âº TRI,596
2008,Fevereiro,19,TerÃ§a-Feira,19/02/2008,8,4,S1,1Âº TRI,597
2008,Fevereiro,20,Quarta-Feira,20/02/2008,8,4,S1,1Âº TRI,598
2008,Fevereiro,21,Quinta-Feira,21/02/2008,8,4,S1,1Âº TRI,599
2008,Fevereiro,22,Sexta-Feira,22/02/2008,8,4,S1,1Âº TRI,600
2008,Fevereiro,23,SÃ¡bado,23/02/2008,8,4,S1,1Âº TRI,601
2008,MarÃ§o,16,Domingo,16/03/2008,12,4,S1,1Âº TRI,602
2008,MarÃ§o,17,Segunda-Feira,17/03/2008,12,4,S1,1Âº TRI,603
2008,MarÃ§o,18,TerÃ§a-Feira,18/03/2008,12,4,S1,1Âº TRI,604
2008,MarÃ§o,19,Quarta-Feira,19/03/2008,12,4,S1,1Âº TRI,605
2008,MarÃ§o,20,Quinta-Feira,20/03/2008,12,4,S1,1Âº TRI,606
2008,MarÃ§o,21,Sexta-Feira,21/03/2008,12,4,S1,1Âº TRI,607
2008,MarÃ§o,22,SÃ¡bado,22/03/2008,12,4,S1,1Âº TRI,608
2008,Abril,20,Domingo,20/04/2008,17,4,S1,2Âº TRI,609
2008,Abril,21,Segunda-Feira,21/04/2008,17,4,S1,2Âº TRI,610
2008,Abril,22,TerÃ§a-Feira,22/04/2008,17,4,S1,2Âº TRI,611
2008,Abril,23,Quarta-Feira,23/04/2008,17,4,S1,2Âº TRI,612
2008,Abril,24,Quinta-Feira,24/04/2008,17,4,S1,2Âº TRI,613
2008,Abril,25,Sexta-Feira,25/04/2008,17,4,S1,2Âº TRI,614
2008,Abril,26,SÃ¡bado,26/04/2008,17,4,S1,2Âº TRI,615
2008,Maio,18,Domingo,18/05/2008,21,4,S1,2Âº TRI,616
2008,Maio,19,Segunda-Feira,19/05/2008,21,4,S1,2Âº TRI,617
2008,Maio,20,TerÃ§a-Feira,20/05/2008,21,4,S1,2Âº TRI,618
2008,Maio,21,Quarta-Feira,21/05/2008,21,4,S1,2Âº TRI,619
2008,Maio,22,Quinta-Feira,22/05/2008,21,4,S1,2Âº TRI,620
2008,Maio,23,Sexta-Feira,23/05/2008,21,4,S1,2Âº TRI,621
2008,Maio,24,SÃ¡bado,24/05/2008,21,4,S1,2Âº TRI,622
2008,Junho,22,Domingo,22/06/2008,26,4,S1,2Âº TRI,623
2008,Junho,23,Segunda-Feira,23/06/2008,26,4,S1,2Âº TRI,624
2008,Junho,24,TerÃ§a-Feira,24/06/2008,26,4,S1,2Âº TRI,625
2008,Junho,25,Quarta-Feira,25/06/2008,26,4,S1,2Âº TRI,626
2008,Junho,26,Quinta-Feira,26/06/2008,26,4,S1,2Âº TRI,627
2008,Junho,27,Sexta-Feira,27/06/2008,26,4,S1,2Âº TRI,628
2008,Junho,28,SÃ¡bado,28/06/2008,26,4,S1,2Âº TRI,629
2008,Julho,20,Domingo,20/07/2008,30,4,S2,3Âº TRI,630
2008,Julho,21,Segunda-Feira,21/07/2008,30,4,S2,3Âº TRI,631
2008,Julho,22,TerÃ§a-Feira,22/07/2008,30,4,S2,3Âº TRI,632
2008,Julho,23,Quarta-Feira,23/07/2008,30,4,S2,3Âº TRI,633
2008,Julho,24,Quinta-Feira,24/07/2008,30,4,S2,3Âº TRI,634
2008,Julho,25,Sexta-Feira,25/07/2008,30,4,S2,3Âº TRI,635
2008,Julho,26,SÃ¡bado,26/07/2008,30,4,S2,3Âº TRI,636
2008,Agosto,17,Domingo,17/08/2008,34,4,S2,3Âº TRI,637
2008,Agosto,18,Segunda-Feira,18/08/2008,34,4,S2,3Âº TRI,638
2008,Agosto,19,TerÃ§a-Feira,19/08/2008,34,4,S2,3Âº TRI,639
2008,Agosto,20,Quarta-Feira,20/08/2008,34,4,S2,3Âº TRI,640
2008,Agosto,21,Quinta-Feira,21/08/2008,34,4,S2,3Âº TRI,641
2008,Agosto,22,Sexta-Feira,22/08/2008,34,4,S2,3Âº TRI,642
2008,Agosto,23,SÃ¡bado,23/08/2008,34,4,S2,3Âº TRI,643
2008,Setembro,21,Domingo,21/09/2008,39,4,S2,3Âº TRI,644
2008,Setembro,22,Segunda-Feira,22/09/2008,39,4,S2,3Âº TRI,645
2008,Setembro,23,TerÃ§a-Feira,23/09/2008,39,4,S2,3Âº TRI,646
2008,Setembro,24,Quarta-Feira,24/09/2008,39,4,S2,3Âº TRI,647
2008,Setembro,25,Quinta-Feira,25/09/2008,39,4,S2,3Âº TRI,648
2008,Setembro,26,Sexta-Feira,26/09/2008,39,4,S2,3Âº TRI,649
2008,Setembro,27,SÃ¡bado,27/09/2008,39,4,S2,3Âº TRI,650
2008,Outubro,19,Domingo,19/10/2008,43,4,S2,4Âº TRI,651
2008,Outubro,20,Segunda-Feira,20/10/2008,43,4,S2,4Âº TRI,652
2008,Outubro,21,TerÃ§a-Feira,21/10/2008,43,4,S2,4Âº TRI,653
2008,Outubro,22,Quarta-Feira,22/10/2008,43,4,S2,4Âº TRI,654
2008,Outubro,23,Quinta-Feira,23/10/2008,43,4,S2,4Âº TRI,655
2008,Outubro,24,Sexta-Feira,24/10/2008,43,4,S2,4Âº TRI,656
2008,Outubro,25,SÃ¡bado,25/10/2008,43,4,S2,4Âº TRI,657
2008,Novembro,16,Domingo,16/11/2008,47,4,S2,4Âº TRI,658
2008,Novembro,17,Segunda-Feira,17/11/2008,47,4,S2,4Âº TRI,659
2008,Novembro,18,TerÃ§a-Feira,18/11/2008,47,4,S2,4Âº TRI,660
2008,Novembro,19,Quarta-Feira,19/11/2008,47,4,S2,4Âº TRI,661
2008,Novembro,20,Quinta-Feira,20/11/2008,47,4,S2,4Âº TRI,662
2008,Novembro,21,Sexta-Feira,21/11/2008,47,4,S2,4Âº TRI,663
2008,Novembro,22,SÃ¡bado,22/11/2008,47,4,S2,4Âº TRI,664
2008,Dezembro,21,Domingo,21/12/2008,52,4,S2,4Âº TRI,665
2008,Dezembro,22,Segunda-Feira,22/12/2008,52,4,S2,4Âº TRI,666
2008,Dezembro,23,TerÃ§a-Feira,23/12/2008,52,4,S2,4Âº TRI,667
2008,Dezembro,24,Quarta-Feira,24/12/2008,52,4,S2,4Âº TRI,668
2008,Dezembro,25,Quinta-Feira,25/12/2008,52,4,S2,4Âº TRI,669
2008,Dezembro,26,Sexta-Feira,26/12/2008,52,4,S2,4Âº TRI,670
2008,Dezembro,27,SÃ¡bado,27/12/2008,52,4,S2,4Âº TRI,671
2009,Janeiro,18,Domingo,18/01/2009,4,4,S1,1Âº TRI,672
2009,Janeiro,19,Segunda-Feira,19/01/2009,4,4,S1,1Âº TRI,673
2009,Janeiro,20,TerÃ§a-Feira,20/01/2009,4,4,S1,1Âº TRI,674
2009,Janeiro,21,Quarta-Feira,21/01/2009,4,4,S1,1Âº TRI,675
2009,Janeiro,22,Quinta-Feira,22/01/2009,4,4,S1,1Âº TRI,676
2009,Janeiro,23,Sexta-Feira,23/01/2009,4,4,S1,1Âº TRI,677
2009,Janeiro,24,SÃ¡bado,24/01/2009,4,4,S1,1Âº TRI,678
2009,Fevereiro,22,Domingo,22/02/2009,9,4,S1,1Âº TRI,679
2009,Fevereiro,23,Segunda-Feira,23/02/2009,9,4,S1,1Âº TRI,680
2009,Fevereiro,24,TerÃ§a-Feira,24/02/2009,9,4,S1,1Âº TRI,681
2009,Fevereiro,25,Quarta-Feira,25/02/2009,9,4,S1,1Âº TRI,682
2009,Fevereiro,26,Quinta-Feira,26/02/2009,9,4,S1,1Âº TRI,683
2009,Fevereiro,27,Sexta-Feira,27/02/2009,9,4,S1,1Âº TRI,684
2009,Fevereiro,28,SÃ¡bado,28/02/2009,9,4,S1,1Âº TRI,685
2009,MarÃ§o,22,Domingo,22/03/2009,13,4,S1,1Âº TRI,686
2009,MarÃ§o,23,Segunda-Feira,23/03/2009,13,4,S1,1Âº TRI,687
2009,MarÃ§o,24,TerÃ§a-Feira,24/03/2009,13,4,S1,1Âº TRI,688
2009,MarÃ§o,25,Quarta-Feira,25/03/2009,13,4,S1,1Âº TRI,689
2009,MarÃ§o,26,Quinta-Feira,26/03/2009,13,4,S1,1Âº TRI,690
2009,MarÃ§o,27,Sexta-Feira,27/03/2009,13,4,S1,1Âº TRI,691
2009,MarÃ§o,28,SÃ¡bado,28/03/2009,13,4,S1,1Âº TRI,692
2009,Abril,19,Domingo,19/04/2009,17,4,S1,2Âº TRI,693
2009,Abril,20,Segunda-Feira,20/04/2009,17,4,S1,2Âº TRI,694
2009,Abril,21,TerÃ§a-Feira,21/04/2009,17,4,S1,2Âº TRI,695
2009,Abril,22,Quarta-Feira,22/04/2009,17,4,S1,2Âº TRI,696
2009,Abril,23,Quinta-Feira,23/04/2009,17,4,S1,2Âº TRI,697
2009,Abril,24,Sexta-Feira,24/04/2009,17,4,S1,2Âº TRI,698
2009,Abril,25,SÃ¡bado,25/04/2009,17,4,S1,2Âº TRI,699
2009,Maio,17,Domingo,17/05/2009,21,4,S1,2Âº TRI,700
2009,Maio,18,Segunda-Feira,18/05/2009,21,4,S1,2Âº TRI,701
2009,Maio,19,TerÃ§a-Feira,19/05/2009,21,4,S1,2Âº TRI,702
2009,Maio,20,Quarta-Feira,20/05/2009,21,4,S1,2Âº TRI,703
2009,Maio,21,Quinta-Feira,21/05/2009,21,4,S1,2Âº TRI,704
2009,Maio,22,Sexta-Feira,22/05/2009,21,4,S1,2Âº TRI,705
2009,Maio,23,SÃ¡bado,23/05/2009,21,4,S1,2Âº TRI,706
2009,Junho,21,Domingo,21/06/2009,26,4,S1,2Âº TRI,707
2009,Junho,22,Segunda-Feira,22/06/2009,26,4,S1,2Âº TRI,708
2009,Junho,23,TerÃ§a-Feira,23/06/2009,26,4,S1,2Âº TRI,709
2009,Junho,24,Quarta-Feira,24/06/2009,26,4,S1,2Âº TRI,710
2009,Junho,25,Quinta-Feira,25/06/2009,26,4,S1,2Âº TRI,711
2009,Junho,26,Sexta-Feira,26/06/2009,26,4,S1,2Âº TRI,712
2009,Junho,27,SÃ¡bado,27/06/2009,26,4,S1,2Âº TRI,713
2009,Julho,19,Domingo,19/07/2009,30,4,S2,3Âº TRI,714
2009,Julho,20,Segunda-Feira,20/07/2009,30,4,S2,3Âº TRI,715
2009,Julho,21,TerÃ§a-Feira,21/07/2009,30,4,S2,3Âº TRI,716
2009,Julho,22,Quarta-Feira,22/07/2009,30,4,S2,3Âº TRI,717
2009,Julho,23,Quinta-Feira,23/07/2009,30,4,S2,3Âº TRI,718
2009,Julho,24,Sexta-Feira,24/07/2009,30,4,S2,3Âº TRI,719
2009,Julho,25,SÃ¡bado,25/07/2009,30,4,S2,3Âº TRI,720
2009,Agosto,16,Domingo,16/08/2009,34,4,S2,3Âº TRI,721
2009,Agosto,17,Segunda-Feira,17/08/2009,34,4,S2,3Âº TRI,722
2009,Agosto,18,TerÃ§a-Feira,18/08/2009,34,4,S2,3Âº TRI,723
2009,Agosto,19,Quarta-Feira,19/08/2009,34,4,S2,3Âº TRI,724
2009,Agosto,20,Quinta-Feira,20/08/2009,34,4,S2,3Âº TRI,725
2009,Agosto,21,Sexta-Feira,21/08/2009,34,4,S2,3Âº TRI,726
2009,Agosto,22,SÃ¡bado,22/08/2009,34,4,S2,3Âº TRI,727
2009,Setembro,20,Domingo,20/09/2009,39,4,S2,3Âº TRI,728
2009,Setembro,21,Segunda-Feira,21/09/2009,39,4,S2,3Âº TRI,729
2009,Setembro,22,TerÃ§a-Feira,22/09/2009,39,4,S2,3Âº TRI,730
2009,Setembro,23,Quarta-Feira,23/09/2009,39,4,S2,3Âº TRI,731
2009,Setembro,24,Quinta-Feira,24/09/2009,39,4,S2,3Âº TRI,732
2009,Setembro,25,Sexta-Feira,25/09/2009,39,4,S2,3Âº TRI,733
2009,Setembro,26,SÃ¡bado,26/09/2009,39,4,S2,3Âº TRI,734
2009,Outubro,18,Domingo,18/10/2009,43,4,S2,4Âº TRI,735
2009,Outubro,19,Segunda-Feira,19/10/2009,43,4,S2,4Âº TRI,736
2009,Outubro,20,TerÃ§a-Feira,20/10/2009,43,4,S2,4Âº TRI,737
2009,Outubro,21,Quarta-Feira,21/10/2009,43,4,S2,4Âº TRI,738
2009,Outubro,22,Quinta-Feira,22/10/2009,43,4,S2,4Âº TRI,739
2009,Outubro,23,Sexta-Feira,23/10/2009,43,4,S2,4Âº TRI,740
2009,Outubro,24,SÃ¡bado,24/10/2009,43,4,S2,4Âº TRI,741
2009,Novembro,22,Domingo,22/11/2009,48,4,S2,4Âº TRI,742
2009,Novembro,23,Segunda-Feira,23/11/2009,48,4,S2,4Âº TRI,743
2009,Novembro,24,TerÃ§a-Feira,24/11/2009,48,4,S2,4Âº TRI,744
2009,Novembro,25,Quarta-Feira,25/11/2009,48,4,S2,4Âº TRI,745
2009,Novembro,26,Quinta-Feira,26/11/2009,48,4,S2,4Âº TRI,746
2009,Novembro,27,Sexta-Feira,27/11/2009,48,4,S2,4Âº TRI,747
2009,Novembro,28,SÃ¡bado,28/11/2009,48,4,S2,4Âº TRI,748
2009,Dezembro,20,Domingo,20/12/2009,52,4,S2,4Âº TRI,749
2009,Dezembro,21,Segunda-Feira,21/12/2009,52,4,S2,4Âº TRI,750
2009,Dezembro,22,TerÃ§a-Feira,22/12/2009,52,4,S2,4Âº TRI,751
2009,Dezembro,23,Quarta-Feira,23/12/2009,52,4,S2,4Âº TRI,752
2009,Dezembro,24,Quinta-Feira,24/12/2009,52,4,S2,4Âº TRI,753
2009,Dezembro,25,Sexta-Feira,25/12/2009,52,4,S2,4Âº TRI,754
2009,Dezembro,26,SÃ¡bado,26/12/2009,52,4,S2,4Âº TRI,755
2007,Janeiro,28,Domingo,28/01/2007,5,5,S1,1Âº TRI,756
2007,Janeiro,29,Segunda-Feira,29/01/2007,5,5,S1,1Âº TRI,757
2007,Janeiro,30,TerÃ§a-Feira,30/01/2007,5,5,S1,1Âº TRI,758
2007,Janeiro,31,Quarta-Feira,31/01/2007,5,5,S1,1Âº TRI,759
2007,Fevereiro,25,Domingo,25/02/2007,9,5,S1,1Âº TRI,760
2007,Fevereiro,26,Segunda-Feira,26/02/2007,9,5,S1,1Âº TRI,761
2007,Fevereiro,27,TerÃ§a-Feira,27/02/2007,9,5,S1,1Âº TRI,762
2007,Fevereiro,28,Quarta-Feira,28/02/2007,9,5,S1,1Âº TRI,763
2007,MarÃ§o,25,Domingo,25/03/2007,13,5,S1,1Âº TRI,764
2007,MarÃ§o,26,Segunda-Feira,26/03/2007,13,5,S1,1Âº TRI,765
2007,MarÃ§o,27,TerÃ§a-Feira,27/03/2007,13,5,S1,1Âº TRI,766
2007,MarÃ§o,28,Quarta-Feira,28/03/2007,13,5,S1,1Âº TRI,767
2007,MarÃ§o,29,Quinta-Feira,29/03/2007,13,5,S1,1Âº TRI,768
2007,MarÃ§o,30,Sexta-Feira,30/03/2007,13,5,S1,1Âº TRI,769
2007,MarÃ§o,31,SÃ¡bado,31/03/2007,13,5,S1,1Âº TRI,770
2007,Abril,29,Domingo,29/04/2007,18,5,S1,2Âº TRI,771
2007,Abril,30,Segunda-Feira,30/04/2007,18,5,S1,2Âº TRI,772
2007,Maio,27,Domingo,27/05/2007,22,5,S1,2Âº TRI,773
2007,Maio,28,Segunda-Feira,28/05/2007,22,5,S1,2Âº TRI,774
2007,Maio,29,TerÃ§a-Feira,29/05/2007,22,5,S1,2Âº TRI,775
2007,Maio,30,Quarta-Feira,30/05/2007,22,5,S1,2Âº TRI,776
2007,Maio,31,Quinta-Feira,31/05/2007,22,5,S1,2Âº TRI,777
2007,Junho,24,Domingo,24/06/2007,26,5,S1,2Âº TRI,778
2007,Junho,25,Segunda-Feira,25/06/2007,26,5,S1,2Âº TRI,779
2007,Junho,26,TerÃ§a-Feira,26/06/2007,26,5,S1,2Âº TRI,780
2007,Junho,27,Quarta-Feira,27/06/2007,26,5,S1,2Âº TRI,781
2007,Junho,28,Quinta-Feira,28/06/2007,26,5,S1,2Âº TRI,782
2007,Junho,29,Sexta-Feira,29/06/2007,26,5,S1,2Âº TRI,783
2007,Junho,30,SÃ¡bado,30/06/2007,26,5,S1,2Âº TRI,784
2007,Julho,29,Domingo,29/07/2007,31,5,S2,3Âº TRI,785
2007,Julho,30,Segunda-Feira,30/07/2007,31,5,S2,3Âº TRI,786
2007,Julho,31,TerÃ§a-Feira,31/07/2007,31,5,S2,3Âº TRI,787
2007,Agosto,26,Domingo,26/08/2007,35,5,S2,3Âº TRI,788
2007,Agosto,27,Segunda-Feira,27/08/2007,35,5,S2,3Âº TRI,789
2007,Agosto,28,TerÃ§a-Feira,28/08/2007,35,5,S2,3Âº TRI,790
2007,Agosto,29,Quarta-Feira,29/08/2007,35,5,S2,3Âº TRI,791
2007,Agosto,30,Quinta-Feira,30/08/2007,35,5,S2,3Âº TRI,792
2007,Agosto,31,Sexta-Feira,31/08/2007,35,5,S2,3Âº TRI,793
2007,Setembro,23,Domingo,23/09/2007,39,5,S2,3Âº TRI,794
2007,Setembro,24,Segunda-Feira,24/09/2007,39,5,S2,3Âº TRI,795
2007,Setembro,25,TerÃ§a-Feira,25/09/2007,39,5,S2,3Âº TRI,796
2007,Setembro,26,Quarta-Feira,26/09/2007,39,5,S2,3Âº TRI,797
2007,Setembro,27,Quinta-Feira,27/09/2007,39,5,S2,3Âº TRI,798
2007,Setembro,28,Sexta-Feira,28/09/2007,39,5,S2,3Âº TRI,799
2007,Setembro,29,SÃ¡bado,29/09/2007,39,5,S2,3Âº TRI,800
2007,Outubro,28,Domingo,28/10/2007,44,5,S2,4Âº TRI,801
2007,Outubro,29,Segunda-Feira,29/10/2007,44,5,S2,4Âº TRI,802
2007,Outubro,30,TerÃ§a-Feira,30/10/2007,44,5,S2,4Âº TRI,803
2007,Outubro,31,Quarta-Feira,31/10/2007,44,5,S2,4Âº TRI,804
2007,Novembro,25,Domingo,25/11/2007,48,5,S2,4Âº TRI,805
2007,Novembro,26,Segunda-Feira,26/11/2007,48,5,S2,4Âº TRI,806
2007,Novembro,27,TerÃ§a-Feira,27/11/2007,48,5,S2,4Âº TRI,807
2007,Novembro,28,Quarta-Feira,28/11/2007,48,5,S2,4Âº TRI,808
2007,Novembro,29,Quinta-Feira,29/11/2007,48,5,S2,4Âº TRI,809
2007,Novembro,30,Sexta-Feira,30/11/2007,48,5,S2,4Âº TRI,810
2007,Dezembro,23,Domingo,23/12/2007,52,5,S2,4Âº TRI,811
2007,Dezembro,24,Segunda-Feira,24/12/2007,52,5,S2,4Âº TRI,812
2007,Dezembro,25,TerÃ§a-Feira,25/12/2007,52,5,S2,4Âº TRI,813
2007,Dezembro,26,Quarta-Feira,26/12/2007,52,5,S2,4Âº TRI,814
2007,Dezembro,27,Quinta-Feira,27/12/2007,52,5,S2,4Âº TRI,815
2007,Dezembro,28,Sexta-Feira,28/12/2007,52,5,S2,4Âº TRI,816
2007,Dezembro,29,SÃ¡bado,29/12/2007,52,5,S2,4Âº TRI,817
2008,Janeiro,27,Domingo,27/01/2008,5,5,S1,1Âº TRI,818
2008,Janeiro,28,Segunda-Feira,28/01/2008,5,5,S1,1Âº TRI,819
2008,Janeiro,29,TerÃ§a-Feira,29/01/2008,5,5,S1,1Âº TRI,820
2008,Janeiro,30,Quarta-Feira,30/01/2008,5,5,S1,1Âº TRI,821
2008,Janeiro,31,Quinta-Feira,31/01/2008,5,5,S1,1Âº TRI,822
2008,Fevereiro,24,Domingo,24/02/2008,9,5,S1,1Âº TRI,823
2008,Fevereiro,25,Segunda-Feira,25/02/2008,9,5,S1,1Âº TRI,824
2008,Fevereiro,26,TerÃ§a-Feira,26/02/2008,9,5,S1,1Âº TRI,825
2008,Fevereiro,27,Quarta-Feira,27/02/2008,9,5,S1,1Âº TRI,826
2008,Fevereiro,28,Quinta-Feira,28/02/2008,9,5,S1,1Âº TRI,827
2008,Fevereiro,29,Sexta-Feira,29/02/2008,9,5,S1,1Âº TRI,828
2008,MarÃ§o,23,Domingo,23/03/2008,13,5,S1,1Âº TRI,829
2008,MarÃ§o,24,Segunda-Feira,24/03/2008,13,5,S1,1Âº TRI,830
2008,MarÃ§o,25,TerÃ§a-Feira,25/03/2008,13,5,S1,1Âº TRI,831
2008,MarÃ§o,26,Quarta-Feira,26/03/2008,13,5,S1,1Âº TRI,832
2008,MarÃ§o,27,Quinta-Feira,27/03/2008,13,5,S1,1Âº TRI,833
2008,MarÃ§o,28,Sexta-Feira,28/03/2008,13,5,S1,1Âº TRI,834
2008,MarÃ§o,29,SÃ¡bado,29/03/2008,13,5,S1,1Âº TRI,835
2008,Abril,27,Domingo,27/04/2008,18,5,S1,2Âº TRI,836
2008,Abril,28,Segunda-Feira,28/04/2008,18,5,S1,2Âº TRI,837
2008,Abril,29,TerÃ§a-Feira,29/04/2008,18,5,S1,2Âº TRI,838
2008,Abril,30,Quarta-Feira,30/04/2008,18,5,S1,2Âº TRI,839
2008,Maio,25,Domingo,25/05/2008,22,5,S1,2Âº TRI,840
2008,Maio,26,Segunda-Feira,26/05/2008,22,5,S1,2Âº TRI,841
2008,Maio,27,TerÃ§a-Feira,27/05/2008,22,5,S1,2Âº TRI,842
2008,Maio,28,Quarta-Feira,28/05/2008,22,5,S1,2Âº TRI,843
2008,Maio,29,Quinta-Feira,29/05/2008,22,5,S1,2Âº TRI,844
2008,Maio,30,Sexta-Feira,30/05/2008,22,5,S1,2Âº TRI,845
2008,Maio,31,SÃ¡bado,31/05/2008,22,5,S1,2Âº TRI,846
2008,Junho,29,Domingo,29/06/2008,27,5,S1,2Âº TRI,847
2008,Junho,30,Segunda-Feira,30/06/2008,27,5,S1,2Âº TRI,848
2008,Julho,27,Domingo,27/07/2008,31,5,S2,3Âº TRI,849
2008,Julho,28,Segunda-Feira,28/07/2008,31,5,S2,3Âº TRI,850
2008,Julho,29,TerÃ§a-Feira,29/07/2008,31,5,S2,3Âº TRI,851
2008,Julho,30,Quarta-Feira,30/07/2008,31,5,S2,3Âº TRI,852
2008,Julho,31,Quinta-Feira,31/07/2008,31,5,S2,3Âº TRI,853
2008,Agosto,24,Domingo,24/08/2008,35,5,S2,3Âº TRI,854
2008,Agosto,25,Segunda-Feira,25/08/2008,35,5,S2,3Âº TRI,855
2008,Agosto,26,TerÃ§a-Feira,26/08/2008,35,5,S2,3Âº TRI,856
2008,Agosto,27,Quarta-Feira,27/08/2008,35,5,S2,3Âº TRI,857
2008,Agosto,28,Quinta-Feira,28/08/2008,35,5,S2,3Âº TRI,858
2008,Agosto,29,Sexta-Feira,29/08/2008,35,5,S2,3Âº TRI,859
2008,Agosto,30,SÃ¡bado,30/08/2008,35,5,S2,3Âº TRI,860
2008,Setembro,28,Domingo,28/09/2008,40,5,S2,3Âº TRI,861
2008,Setembro,29,Segunda-Feira,29/09/2008,40,5,S2,3Âº TRI,862
2008,Setembro,30,TerÃ§a-Feira,30/09/2008,40,5,S2,3Âº TRI,863
2008,Outubro,26,Domingo,26/10/2008,44,5,S2,4Âº TRI,864
2008,Outubro,27,Segunda-Feira,27/10/2008,44,5,S2,4Âº TRI,865
2008,Outubro,28,TerÃ§a-Feira,28/10/2008,44,5,S2,4Âº TRI,866
2008,Outubro,29,Quarta-Feira,29/10/2008,44,5,S2,4Âº TRI,867
2008,Outubro,30,Quinta-Feira,30/10/2008,44,5,S2,4Âº TRI,868
2008,Outubro,31,Sexta-Feira,31/10/2008,44,5,S2,4Âº TRI,869
2008,Novembro,23,Domingo,23/11/2008,48,5,S2,4Âº TRI,870
2008,Novembro,24,Segunda-Feira,24/11/2008,48,5,S2,4Âº TRI,871
2008,Novembro,25,TerÃ§a-Feira,25/11/2008,48,5,S2,4Âº TRI,872
2008,Novembro,26,Quarta-Feira,26/11/2008,48,5,S2,4Âº TRI,873
2008,Novembro,27,Quinta-Feira,27/11/2008,48,5,S2,4Âº TRI,874
2008,Novembro,28,Sexta-Feira,28/11/2008,48,5,S2,4Âº TRI,875
2008,Novembro,29,SÃ¡bado,29/11/2008,48,5,S2,4Âº TRI,876
2008,Dezembro,28,Domingo,28/12/2008,53,5,S2,4Âº TRI,877
2008,Dezembro,29,Segunda-Feira,29/12/2008,53,5,S2,4Âº TRI,878
2008,Dezembro,30,TerÃ§a-Feira,30/12/2008,53,5,S2,4Âº TRI,879
2008,Dezembro,31,Quarta-Feira,31/12/2008,53,5,S2,4Âº TRI,880
2009,Janeiro,25,Domingo,25/01/2009,5,5,S1,1Âº TRI,881
2009,Janeiro,26,Segunda-Feira,26/01/2009,5,5,S1,1Âº TRI,882
2009,Janeiro,27,TerÃ§a-Feira,27/01/2009,5,5,S1,1Âº TRI,883
2009,Janeiro,28,Quarta-Feira,28/01/2009,5,5,S1,1Âº TRI,884
2009,Janeiro,29,Quinta-Feira,29/01/2009,5,5,S1,1Âº TRI,885
2009,Janeiro,30,Sexta-Feira,30/01/2009,5,5,S1,1Âº TRI,886
2009,Janeiro,31,SÃ¡bado,31/01/2009,5,5,S1,1Âº TRI,887
2009,MarÃ§o,29,Domingo,29/03/2009,14,5,S1,1Âº TRI,888
2009,MarÃ§o,30,Segunda-Feira,30/03/2009,14,5,S1,1Âº TRI,889
2009,MarÃ§o,31,TerÃ§a-Feira,31/03/2009,14,5,S1,1Âº TRI,890
2009,Abril,26,Domingo,26/04/2009,18,5,S1,2Âº TRI,891
2009,Abril,27,Segunda-Feira,27/04/2009,18,5,S1,2Âº TRI,892
2009,Abril,28,TerÃ§a-Feira,28/04/2009,18,5,S1,2Âº TRI,893
2009,Abril,29,Quarta-Feira,29/04/2009,18,5,S1,2Âº TRI,894
2009,Abril,30,Quinta-Feira,30/04/2009,18,5,S1,2Âº TRI,895
2009,Maio,24,Domingo,24/05/2009,22,5,S1,2Âº TRI,896
2009,Maio,25,Segunda-Feira,25/05/2009,22,5,S1,2Âº TRI,897
2009,Maio,26,TerÃ§a-Feira,26/05/2009,22,5,S1,2Âº TRI,898
2009,Maio,27,Quarta-Feira,27/05/2009,22,5,S1,2Âº TRI,899
2009,Maio,28,Quinta-Feira,28/05/2009,22,5,S1,2Âº TRI,900
2009,Maio,29,Sexta-Feira,29/05/2009,22,5,S1,2Âº TRI,901
2009,Maio,30,SÃ¡bado,30/05/2009,22,5,S1,2Âº TRI,902
2009,Junho,28,Domingo,28/06/2009,27,5,S1,2Âº TRI,903
2009,Junho,29,Segunda-Feira,29/06/2009,27,5,S1,2Âº TRI,904
2009,Junho,30,TerÃ§a-Feira,30/06/2009,27,5,S1,2Âº TRI,905
2009,Julho,26,Domingo,26/07/2009,31,5,S2,3Âº TRI,906
2009,Julho,27,Segunda-Feira,27/07/2009,31,5,S2,3Âº TRI,907
2009,Julho,28,TerÃ§a-Feira,28/07/2009,31,5,S2,3Âº TRI,908
2009,Julho,29,Quarta-Feira,29/07/2009,31,5,S2,3Âº TRI,909
2009,Julho,30,Quinta-Feira,30/07/2009,31,5,S2,3Âº TRI,910
2009,Julho,31,Sexta-Feira,31/07/2009,31,5,S2,3Âº TRI,911
2009,Agosto,23,Domingo,23/08/2009,35,5,S2,3Âº TRI,912
2009,Agosto,24,Segunda-Feira,24/08/2009,35,5,S2,3Âº TRI,913
2009,Agosto,25,TerÃ§a-Feira,25/08/2009,35,5,S2,3Âº TRI,914
2009,Agosto,26,Quarta-Feira,26/08/2009,35,5,S2,3Âº TRI,915
2009,Agosto,27,Quinta-Feira,27/08/2009,35,5,S2,3Âº TRI,916
2009,Agosto,28,Sexta-Feira,28/08/2009,35,5,S2,3Âº TRI,917
2009,Agosto,29,SÃ¡bado,29/08/2009,35,5,S2,3Âº TRI,918
2009,Setembro,27,Domingo,27/09/2009,40,5,S2,3Âº TRI,919
2009,Setembro,28,Segunda-Feira,28/09/2009,40,5,S2,3Âº TRI,920
2009,Setembro,29,TerÃ§a-Feira,29/09/2009,40,5,S2,3Âº TRI,921
2009,Setembro,30,Quarta-Feira,30/09/2009,40,5,S2,3Âº TRI,922
2009,Outubro,25,Domingo,25/10/2009,44,5,S2,4Âº TRI,923
2009,Outubro,26,Segunda-Feira,26/10/2009,44,5,S2,4Âº TRI,924
2009,Outubro,27,TerÃ§a-Feira,27/10/2009,44,5,S2,4Âº TRI,925
2009,Outubro,28,Quarta-Feira,28/10/2009,44,5,S2,4Âº TRI,926
2009,Outubro,29,Quinta-Feira,29/10/2009,44,5,S2,4Âº TRI,927
2009,Outubro,30,Sexta-Feira,30/10/2009,44,5,S2,4Âº TRI,928
2009,Outubro,31,SÃ¡bado,31/10/2009,44,5,S2,4Âº TRI,929
2009,Novembro,29,Domingo,29/11/2009,49,5,S2,4Âº TRI,930
2009,Novembro,30,Segunda-Feira,30/11/2009,49,5,S2,4Âº TRI,931
2009,Dezembro,27,Domingo,27/12/2009,53,5,S2,4Âº TRI,932
2009,Dezembro,28,Segunda-Feira,28/12/2009,53,5,S2,4Âº TRI,933
2009,Dezembro,29,TerÃ§a-Feira,29/12/2009,53,5,S2,4Âº TRI,934
2009,Dezembro,30,Quarta-Feira,30/12/2009,53,5,S2,4Âº TRI,935
2009,Dezembro,31,Quinta-Feira,31/12/2009,53,5,S2,4Âº TRI,936
2007,Janeiro,1,Segunda-Feira,01/01/2007,1,1,S1,1Âº TRI,937
2007,Janeiro,2,TerÃ§a-Feira,02/01/2007,1,1,S1,1Âº TRI,938
2007,Janeiro,3,Quarta-Feira,03/01/2007,1,1,S1,1Âº TRI,939
2007,Janeiro,4,Quinta-Feira,04/01/2007,1,1,S1,1Âº TRI,940
2007,Janeiro,5,Sexta-Feira,05/01/2007,1,1,S1,1Âº TRI,941
2007,Janeiro,6,SÃ¡bado,06/01/2007,1,1,S1,1Âº TRI,942
2007,Fevereiro,1,Quinta-Feira,01/02/2007,5,1,S1,1Âº TRI,943
2007,Fevereiro,2,Sexta-Feira,02/02/2007,5,1,S1,1Âº TRI,944
2007,Fevereiro,3,SÃ¡bado,03/02/2007,5,1,S1,1Âº TRI,945
2007,MarÃ§o,1,Quinta-Feira,01/03/2007,9,1,S1,1Âº TRI,946
2007,MarÃ§o,2,Sexta-Feira,02/03/2007,9,1,S1,1Âº TRI,947
2007,MarÃ§o,3,SÃ¡bado,03/03/2007,9,1,S1,1Âº TRI,948
2007,Abril,1,Domingo,01/04/2007,14,1,S1,2Âº TRI,949
2007,Abril,2,Segunda-Feira,02/04/2007,14,1,S1,2Âº TRI,950
2007,Abril,3,TerÃ§a-Feira,03/04/2007,14,1,S1,2Âº TRI,951
2007,Abril,4,Quarta-Feira,04/04/2007,14,1,S1,2Âº TRI,952
2007,Abril,5,Quinta-Feira,05/04/2007,14,1,S1,2Âº TRI,953
2007,Abril,6,Sexta-Feira,06/04/2007,14,1,S1,2Âº TRI,954
2007,Abril,7,SÃ¡bado,07/04/2007,14,1,S1,2Âº TRI,955
2007,Maio,1,TerÃ§a-Feira,01/05/2007,18,1,S1,2Âº TRI,956
2007,Maio,2,Quarta-Feira,02/05/2007,18,1,S1,2Âº TRI,957
2007,Maio,3,Quinta-Feira,03/05/2007,18,1,S1,2Âº TRI,958
2007,Maio,4,Sexta-Feira,04/05/2007,18,1,S1,2Âº TRI,959
2007,Maio,5,SÃ¡bado,05/05/2007,18,1,S1,2Âº TRI,960
2007,Junho,1,Sexta-Feira,01/06/2007,22,1,S1,2Âº TRI,961
2007,Junho,2,SÃ¡bado,02/06/2007,22,1,S1,2Âº TRI,962
2007,Julho,1,Domingo,01/07/2007,27,1,S2,3Âº TRI,963
2007,Julho,2,Segunda-Feira,02/07/2007,27,1,S2,3Âº TRI,964
2007,Julho,3,TerÃ§a-Feira,03/07/2007,27,1,S2,3Âº TRI,965
2007,Julho,4,Quarta-Feira,04/07/2007,27,1,S2,3Âº TRI,966
2007,Julho,5,Quinta-Feira,05/07/2007,27,1,S2,3Âº TRI,967
2007,Julho,6,Sexta-Feira,06/07/2007,27,1,S2,3Âº TRI,968
2007,Julho,7,SÃ¡bado,07/07/2007,27,1,S2,3Âº TRI,969
2007,Agosto,1,Quarta-Feira,01/08/2007,31,1,S2,3Âº TRI,970
2007,Agosto,2,Quinta-Feira,02/08/2007,31,1,S2,3Âº TRI,971
2007,Agosto,3,Sexta-Feira,03/08/2007,31,1,S2,3Âº TRI,972
2007,Agosto,4,SÃ¡bado,04/08/2007,31,1,S2,3Âº TRI,973
2007,Setembro,1,SÃ¡bado,01/09/2007,35,1,S2,3Âº TRI,974
2007,Outubro,1,Segunda-Feira,01/10/2007,40,1,S2,4Âº TRI,975
2007,Outubro,2,TerÃ§a-Feira,02/10/2007,40,1,S2,4Âº TRI,976
2007,Outubro,3,Quarta-Feira,03/10/2007,40,1,S2,4Âº TRI,977
2007,Outubro,4,Quinta-Feira,04/10/2007,40,1,S2,4Âº TRI,978
2007,Outubro,5,Sexta-Feira,05/10/2007,40,1,S2,4Âº TRI,979
2007,Outubro,6,SÃ¡bado,06/10/2007,40,1,S2,4Âº TRI,980
2007,Novembro,1,Quinta-Feira,01/11/2007,44,1,S2,4Âº TRI,981
2007,Novembro,2,Sexta-Feira,02/11/2007,44,1,S2,4Âº TRI,982
2007,Novembro,3,SÃ¡bado,03/11/2007,44,1,S2,4Âº TRI,983
2007,Dezembro,1,SÃ¡bado,01/12/2007,48,1,S2,4Âº TRI,984
2008,Janeiro,1,TerÃ§a-Feira,01/01/2008,1,1,S1,1Âº TRI,985
2008,Janeiro,2,Quarta-Feira,02/01/2008,1,1,S1,1Âº TRI,986
2008,Janeiro,3,Quinta-Feira,03/01/2008,1,1,S1,1Âº TRI,987
2008,Janeiro,4,Sexta-Feira,04/01/2008,1,1,S1,1Âº TRI,988
2008,Janeiro,5,SÃ¡bado,05/01/2008,1,1,S1,1Âº TRI,989
2008,Fevereiro,1,Sexta-Feira,01/02/2008,5,1,S1,1Âº TRI,990
2008,Fevereiro,2,SÃ¡bado,02/02/2008,5,1,S1,1Âº TRI,991
2008,MarÃ§o,1,SÃ¡bado,01/03/2008,9,1,S1,1Âº TRI,992
2008,Abril,1,TerÃ§a-Feira,01/04/2008,14,1,S1,2Âº TRI,993
2008,Abril,2,Quarta-Feira,02/04/2008,14,1,S1,2Âº TRI,994
2008,Abril,3,Quinta-Feira,03/04/2008,14,1,S1,2Âº TRI,995
2008,Abril,4,Sexta-Feira,04/04/2008,14,1,S1,2Âº TRI,996
2008,Abril,5,SÃ¡bado,05/04/2008,14,1,S1,2Âº TRI,997
2008,Maio,1,Quinta-Feira,01/05/2008,18,1,S1,2Âº TRI,998
2008,Maio,2,Sexta-Feira,02/05/2008,18,1,S1,2Âº TRI,999
2008,Maio,3,SÃ¡bado,03/05/2008,18,1,S1,2Âº TRI,1000
2008,Junho,1,Domingo,01/06/2008,23,1,S1,2Âº TRI,1001
2008,Junho,2,Segunda-Feira,02/06/2008,23,1,S1,2Âº TRI,1002
2008,Junho,3,TerÃ§a-Feira,03/06/2008,23,1,S1,2Âº TRI,1003
2008,Junho,4,Quarta-Feira,04/06/2008,23,1,S1,2Âº TRI,1004
2008,Junho,5,Quinta-Feira,05/06/2008,23,1,S1,2Âº TRI,1005
2008,Junho,6,Sexta-Feira,06/06/2008,23,1,S1,2Âº TRI,1006
2008,Junho,7,SÃ¡bado,07/06/2008,23,1,S1,2Âº TRI,1007
2008,Julho,1,TerÃ§a-Feira,01/07/2008,27,1,S2,3Âº TRI,1008
2008,Julho,2,Quarta-Feira,02/07/2008,27,1,S2,3Âº TRI,1009
2008,Julho,3,Quinta-Feira,03/07/2008,27,1,S2,3Âº TRI,1010
2008,Julho,4,Sexta-Feira,04/07/2008,27,1,S2,3Âº TRI,1011
2008,Julho,5,SÃ¡bado,05/07/2008,27,1,S2,3Âº TRI,1012
2008,Agosto,1,Sexta-Feira,01/08/2008,31,1,S2,3Âº TRI,1013
2008,Agosto,2,SÃ¡bado,02/08/2008,31,1,S2,3Âº TRI,1014
2008,Setembro,1,Segunda-Feira,01/09/2008,36,1,S2,3Âº TRI,1015
2008,Setembro,2,TerÃ§a-Feira,02/09/2008,36,1,S2,3Âº TRI,1016
2008,Setembro,3,Quarta-Feira,03/09/2008,36,1,S2,3Âº TRI,1017
2008,Setembro,4,Quinta-Feira,04/09/2008,36,1,S2,3Âº TRI,1018
2008,Setembro,5,Sexta-Feira,05/09/2008,36,1,S2,3Âº TRI,1019
2008,Setembro,6,SÃ¡bado,06/09/2008,36,1,S2,3Âº TRI,1020
2008,Outubro,1,Quarta-Feira,01/10/2008,40,1,S2,4Âº TRI,1021
2008,Outubro,2,Quinta-Feira,02/10/2008,40,1,S2,4Âº TRI,1022
2008,Outubro,3,Sexta-Feira,03/10/2008,40,1,S2,4Âº TRI,1023
2008,Outubro,4,SÃ¡bado,04/10/2008,40,1,S2,4Âº TRI,1024
2008,Novembro,1,SÃ¡bado,01/11/2008,44,1,S2,4Âº TRI,1025
2008,Dezembro,1,Segunda-Feira,01/12/2008,49,1,S2,4Âº TRI,1026
2008,Dezembro,2,TerÃ§a-Feira,02/12/2008,49,1,S2,4Âº TRI,1027
2008,Dezembro,3,Quarta-Feira,03/12/2008,49,1,S2,4Âº TRI,1028
2008,Dezembro,4,Quinta-Feira,04/12/2008,49,1,S2,4Âº TRI,1029
2008,Dezembro,5,Sexta-Feira,05/12/2008,49,1,S2,4Âº TRI,1030
2008,Dezembro,6,SÃ¡bado,06/12/2008,49,1,S2,4Âº TRI,1031
2009,Janeiro,1,Quinta-Feira,01/01/2009,1,1,S1,1Âº TRI,1032
2009,Janeiro,2,Sexta-Feira,02/01/2009,1,1,S1,1Âº TRI,1033
2009,Janeiro,3,SÃ¡bado,03/01/2009,1,1,S1,1Âº TRI,1034
2009,Fevereiro,1,Domingo,01/02/2009,6,1,S1,1Âº TRI,1035
2009,Fevereiro,2,Segunda-Feira,02/02/2009,6,1,S1,1Âº TRI,1036
2009,Fevereiro,3,TerÃ§a-Feira,03/02/2009,6,1,S1,1Âº TRI,1037
2009,Fevereiro,4,Quarta-Feira,04/02/2009,6,1,S1,1Âº TRI,1038
2009,Fevereiro,5,Quinta-Feira,05/02/2009,6,1,S1,1Âº TRI,1039
2009,Fevereiro,6,Sexta-Feira,06/02/2009,6,1,S1,1Âº TRI,1040
2009,Fevereiro,7,SÃ¡bado,07/02/2009,6,1,S1,1Âº TRI,1041
2009,MarÃ§o,1,Domingo,01/03/2009,10,1,S1,1Âº TRI,1042
2009,MarÃ§o,2,Segunda-Feira,02/03/2009,10,1,S1,1Âº TRI,1043
2009,MarÃ§o,3,TerÃ§a-Feira,03/03/2009,10,1,S1,1Âº TRI,1044
2009,MarÃ§o,4,Quarta-Feira,04/03/2009,10,1,S1,1Âº TRI,1045
2009,MarÃ§o,5,Quinta-Feira,05/03/2009,10,1,S1,1Âº TRI,1046
2009,MarÃ§o,6,Sexta-Feira,06/03/2009,10,1,S1,1Âº TRI,1047
2009,MarÃ§o,7,SÃ¡bado,07/03/2009,10,1,S1,1Âº TRI,1048
2009,Abril,1,Quarta-Feira,01/04/2009,14,1,S1,2Âº TRI,1049
2009,Abril,2,Quinta-Feira,02/04/2009,14,1,S1,2Âº TRI,1050
2009,Abril,3,Sexta-Feira,03/04/2009,14,1,S1,2Âº TRI,1051
2009,Abril,4,SÃ¡bado,04/04/2009,14,1,S1,2Âº TRI,1052
2009,Maio,1,Sexta-Feira,01/05/2009,18,1,S1,2Âº TRI,1053
2009,Maio,2,SÃ¡bado,02/05/2009,18,1,S1,2Âº TRI,1054
2009,Junho,1,Segunda-Feira,01/06/2009,23,1,S1,2Âº TRI,1055
2009,Junho,2,TerÃ§a-Feira,02/06/2009,23,1,S1,2Âº TRI,1056
2009,Junho,3,Quarta-Feira,03/06/2009,23,1,S1,2Âº TRI,1057
2009,Junho,4,Quinta-Feira,04/06/2009,23,1,S1,2Âº TRI,1058
2009,Junho,5,Sexta-Feira,05/06/2009,23,1,S1,2Âº TRI,1059
2009,Junho,6,SÃ¡bado,06/06/2009,23,1,S1,2Âº TRI,1060
2009,Julho,1,Quarta-Feira,01/07/2009,27,1,S2,3Âº TRI,1061
2009,Julho,2,Quinta-Feira,02/07/2009,27,1,S2,3Âº TRI,1062
2009,Julho,3,Sexta-Feira,03/07/2009,27,1,S2,3Âº TRI,1063
2009,Julho,4,SÃ¡bado,04/07/2009,27,1,S2,3Âº TRI,1064
2009,Agosto,1,SÃ¡bado,01/08/2009,31,1,S2,3Âº TRI,1065
2009,Setembro,1,TerÃ§a-Feira,01/09/2009,36,1,S2,3Âº TRI,1066
2009,Setembro,2,Quarta-Feira,02/09/2009,36,1,S2,3Âº TRI,1067
2009,Setembro,3,Quinta-Feira,03/09/2009,36,1,S2,3Âº TRI,1068
2009,Setembro,4,Sexta-Feira,04/09/2009,36,1,S2,3Âº TRI,1069
2009,Setembro,5,SÃ¡bado,05/09/2009,36,1,S2,3Âº TRI,1070
2009,Outubro,1,Quinta-Feira,01/10/2009,40,1,S2,4Âº TRI,1071
2009,Outubro,2,Sexta-Feira,02/10/2009,40,1,S2,4Âº TRI,1072
2009,Outubro,3,SÃ¡bado,03/10/2009,40,1,S2,4Âº TRI,1073
2009,Novembro,1,Domingo,01/11/2009,45,1,S2,4Âº TRI,1074
2009,Novembro,2,Segunda-Feira,02/11/2009,45,1,S2,4Âº TRI,1075
2009,Novembro,3,TerÃ§a-Feira,03/11/2009,45,1,S2,4Âº TRI,1076
2009,Novembro,4,Quarta-Feira,04/11/2009,45,1,S2,4Âº TRI,1077
2009,Novembro,5,Quinta-Feira,05/11/2009,45,1,S2,4Âº TRI,1078
2009,Novembro,6,Sexta-Feira,06/11/2009,45,1,S2,4Âº TRI,1079
2009,Novembro,7,SÃ¡bado,07/11/2009,45,1,S2,4Âº TRI,1080
2009,Dezembro,1,TerÃ§a-Feira,01/12/2009,49,1,S2,4Âº TRI,1081
2009,Dezembro,2,Quarta-Feira,02/12/2009,49,1,S2,4Âº TRI,1082
2009,Dezembro,3,Quinta-Feira,03/12/2009,49,1,S2,4Âº TRI,1083
2009,Dezembro,4,Sexta-Feira,04/12/2009,49,1,S2,4Âº TRI,1084
2009,Dezembro,5,SÃ¡bado,05/12/2009,49,1,S2,4Âº TRI,1085
2007,Setembro,30,Domingo,30/09/2007,40,6,S2,3Âº TRI,1086
2007,Dezembro,30,Domingo,30/12/2007,53,6,S2,4Âº TRI,1087
2007,Dezembro,31,Segunda-Feira,31/12/2007,53,6,S2,4Âº TRI,1088
2008,MarÃ§o,30,Domingo,30/03/2008,14,6,S1,1Âº TRI,1089
2008,MarÃ§o,31,Segunda-Feira,31/03/2008,14,6,S1,1Âº TRI,1090
2008,Agosto,31,Domingo,31/08/2008,36,6,S2,3Âº TRI,1091
2008,Novembro,30,Domingo,30/11/2008,49,6,S2,4Âº TRI,1092
2009,Maio,31,Domingo,31/05/2009,23,6,S1,2Âº TRI,1093
2009,Agosto,30,Domingo,30/08/2009,36,6,S2,3Âº TRI,1094
2009,Agosto,31,Segunda-Feira,31/08/2009,36,6,S2,3Âº TRI,1095
